ano,municipio_codigo,municipio,cnae,descricao,grupo,estab_com_vinculo,vinculos_ativos,estab_declarantes
2024,420010,Abelardo Luz,9319199,Outras atividades esportivas (inclui escolas e clubes náuticos),Comércio e serviços náuticos,1,5,3
2024,420020,Agrolândia,9319199,Outras atividades esportivas (inclui escolas e clubes náuticos),Comércio e serviços náuticos,0,0,1
2024,420030,Agronômica,5232000,Atividades de agenciamento marítimo,Portos e navegação,0,0,1
2024,420030,Agronômica,7721700,Aluguel de equipamentos recreativos e esportivos,Comércio e serviços náuticos,1,1,1
2024,420055,Águas Frias,9319199,Outras atividades esportivas (inclui escolas e clubes náuticos),Comércio e serviços náuticos,0,0,2
2024,420100,Anita Garibaldi,0311601,Pesca de peixes em água salgada,Pesca e aquicultura,0,0,1
2024,420100,Anita Garibaldi,9319199,Outras atividades esportivas (inclui escolas e clubes náuticos),Comércio e serviços náuticos,1,1,1
2024,420120,Antônio Carlos,3012100,Construção de embarcações para esporte e lazer,Indústria náutica,1,1,1
2024,420120,Antônio Carlos,5030101,Navegação de apoio marítimo,Portos e navegação,0,0,1
2024,420120,Antônio Carlos,9319199,Outras atividades esportivas (inclui escolas e clubes náuticos),Comércio e serviços náuticos,0,0,2
2024,420130,Araquari,0311601,Pesca de peixes em água salgada,Pesca e aquicultura,0,0,99
2024,420130,Araquari,0311602,Pesca de crustáceos e moluscos em água salgada,Pesca e aquicultura,0,0,4
2024,420130,Araquari,0321301,Criação de peixes em água salgada e salobra,Pesca e aquicultura,0,0,1
2024,420130,Araquari,0321302,Criação de camarões em água salgada e salobra,Pesca e aquicultura,0,0,6
2024,420130,Araquari,3011302,"Construção de embarcações para uso comercial e usos especiais, exceto de grande porte",Indústria náutica,1,4,1
2024,420130,Araquari,3012100,Construção de embarcações para esporte e lazer,Indústria náutica,2,9,6
2024,420130,Araquari,3230200,Fabricação de artefatos para pesca e esporte,Indústria náutica,2,4,5
2024,420130,Araquari,3317101,Manutenção e reparação de embarcações e estruturas flutuantes,Indústria naval,0,0,1
2024,420130,Araquari,4763605,Comércio varejista de embarcações e outros veículos recreativos,Comércio e serviços náuticos,2,5,2
2024,420130,Araquari,5231102,Atividades do operador portuário,Portos e navegação,0,0,1
2024,420130,Araquari,7721700,Aluguel de equipamentos recreativos e esportivos,Comércio e serviços náuticos,0,0,1
2024,420130,Araquari,9319199,Outras atividades esportivas (inclui escolas e clubes náuticos),Comércio e serviços náuticos,0,0,1
2024,420140,Araranguá,0311601,Pesca de peixes em água salgada,Pesca e aquicultura,0,0,268
2024,420140,Araranguá,0311602,Pesca de crustáceos e moluscos em água salgada,Pesca e aquicultura,0,0,3
2024,420140,Araranguá,0311604,Atividades de apoio à pesca em água salgada,Pesca e aquicultura,0,0,1
2024,420140,Araranguá,0321305,Atividades de apoio à aquicultura em água salgada e salobra,Pesca e aquicultura,0,0,2
2024,420140,Araranguá,1020101,"Preservação de peixes, crustáceos e moluscos",Pesca e aquicultura,0,0,1
2024,420140,Araranguá,3230200,Fabricação de artefatos para pesca e esporte,Indústria náutica,1,10,1
2024,420140,Araranguá,4763605,Comércio varejista de embarcações e outros veículos recreativos,Comércio e serviços náuticos,1,11,1
2024,420140,Araranguá,5099801,Transporte aquaviário para passeios turísticos,Comércio e serviços náuticos,1,1,1
2024,420140,Araranguá,9319199,Outras atividades esportivas (inclui escolas e clubes náuticos),Comércio e serviços náuticos,0,0,3
2024,420150,Armazém,7721700,Aluguel de equipamentos recreativos e esportivos,Comércio e serviços náuticos,0,0,1
2024,420160,Arroio Trinta,9319199,Outras atividades esportivas (inclui escolas e clubes náuticos),Comércio e serviços náuticos,0,0,5
2024,420165,Arvoredo,9319199,Outras atividades esportivas (inclui escolas e clubes náuticos),Comércio e serviços náuticos,0,0,1
2024,420170,Ascurra,3317101,Manutenção e reparação de embarcações e estruturas flutuantes,Indústria naval,0,0,1
2024,420170,Ascurra,3317102,Manutenção e reparação de embarcações para esporte e lazer,Indústria náutica,0,0,1
2024,420170,Ascurra,9319199,Outras atividades esportivas (inclui escolas e clubes náuticos),Comércio e serviços náuticos,0,0,1
2024,420195,Balneário Arroio do Silva,0311601,Pesca de peixes em água salgada,Pesca e aquicultura,0,0,323
2024,420195,Balneário Arroio do Silva,0311602,Pesca de crustáceos e moluscos em água salgada,Pesca e aquicultura,0,0,1
2024,420195,Balneário Arroio do Silva,0321305,Atividades de apoio à aquicultura em água salgada e salobra,Pesca e aquicultura,0,0,2
2024,420195,Balneário Arroio do Silva,9319199,Outras atividades esportivas (inclui escolas e clubes náuticos),Comércio e serviços náuticos,0,0,1
2024,420200,Balneário Camboriú,0311601,Pesca de peixes em água salgada,Pesca e aquicultura,2,40,116
2024,420200,Balneário Camboriú,0311602,Pesca de crustáceos e moluscos em água salgada,Pesca e aquicultura,1,7,52
2024,420200,Balneário Camboriú,0321301,Criação de peixes em água salgada e salobra,Pesca e aquicultura,0,0,1
2024,420200,Balneário Camboriú,1020101,"Preservação de peixes, crustáceos e moluscos",Pesca e aquicultura,5,50,8
2024,420200,Balneário Camboriú,1020102,"Fabricação de conservas de peixes, crustáceos e moluscos",Pesca e aquicultura,1,21,1
2024,420200,Balneário Camboriú,3011301,Construção de embarcações de grande porte,Indústria naval,1,3,1
2024,420200,Balneário Camboriú,3011302,"Construção de embarcações para uso comercial e usos especiais, exceto de grande porte",Indústria náutica,1,1,2
2024,420200,Balneário Camboriú,3012100,Construção de embarcações para esporte e lazer,Indústria náutica,0,0,1
2024,420200,Balneário Camboriú,3230200,Fabricação de artefatos para pesca e esporte,Indústria náutica,0,0,1
2024,420200,Balneário Camboriú,3317101,Manutenção e reparação de embarcações e estruturas flutuantes,Indústria naval,0,0,2
2024,420200,Balneário Camboriú,3317102,Manutenção e reparação de embarcações para esporte e lazer,Indústria náutica,4,19,17
2024,420200,Balneário Camboriú,4329102,Instalação de equipamentos para orientação à navegação,Indústria náutica,0,0,3
2024,420200,Balneário Camboriú,4763605,Comércio varejista de embarcações e outros veículos recreativos,Comércio e serviços náuticos,7,35,13
2024,420200,Balneário Camboriú,5011401,"Transporte marítimo de cabotagem, carga",Portos e navegação,0,0,2
2024,420200,Balneário Camboriú,5099801,Transporte aquaviário para passeios turísticos,Comércio e serviços náuticos,1,62,3
2024,420200,Balneário Camboriú,5231101,Administração da infraestrutura portuária,Portos e navegação,0,0,1
2024,420200,Balneário Camboriú,5232000,Atividades de agenciamento marítimo,Portos e navegação,5,69,6
2024,420200,Balneário Camboriú,7719501,"Locação de embarcações sem tripulação, exceto para fins recreativos",Comércio e serviços náuticos,0,0,7
2024,420200,Balneário Camboriú,7721700,Aluguel de equipamentos recreativos e esportivos,Comércio e serviços náuticos,1,6,23
2024,420200,Balneário Camboriú,9319199,Outras atividades esportivas (inclui escolas e clubes náuticos),Comércio e serviços náuticos,1,3,22
2024,420205,Balneário Barra do Sul,0311601,Pesca de peixes em água salgada,Pesca e aquicultura,0,0,424
2024,420205,Balneário Barra do Sul,0311602,Pesca de crustáceos e moluscos em água salgada,Pesca e aquicultura,0,0,26
2024,420205,Balneário Barra do Sul,0311604,Atividades de apoio à pesca em água salgada,Pesca e aquicultura,0,0,48
2024,420205,Balneário Barra do Sul,0321302,Criação de camarões em água salgada e salobra,Pesca e aquicultura,0,0,16
2024,420205,Balneário Barra do Sul,0321305,Atividades de apoio à aquicultura em água salgada e salobra,Pesca e aquicultura,0,0,1
2024,420205,Balneário Barra do Sul,1020101,"Preservação de peixes, crustáceos e moluscos",Pesca e aquicultura,1,1,2
2024,420205,Balneário Barra do Sul,3011302,"Construção de embarcações para uso comercial e usos especiais, exceto de grande porte",Indústria náutica,1,1,1
2024,420205,Balneário Barra do Sul,4763605,Comércio varejista de embarcações e outros veículos recreativos,Comércio e serviços náuticos,0,0,1
2024,420205,Balneário Barra do Sul,5239799,Atividades auxiliares dos transportes aquaviários,Portos e navegação,1,3,1
2024,420207,Balneário Gaivota,0311601,Pesca de peixes em água salgada,Pesca e aquicultura,0,0,948
2024,420207,Balneário Gaivota,0311604,Atividades de apoio à pesca em água salgada,Pesca e aquicultura,0,0,12
2024,420207,Balneário Gaivota,0321305,Atividades de apoio à aquicultura em água salgada e salobra,Pesca e aquicultura,0,0,47
2024,420207,Balneário Gaivota,7721700,Aluguel de equipamentos recreativos e esportivos,Comércio e serviços náuticos,0,0,1
2024,420207,Balneário Gaivota,9319199,Outras atividades esportivas (inclui escolas e clubes náuticos),Comércio e serviços náuticos,0,0,1
2024,420208,Bandeirante,9319199,Outras atividades esportivas (inclui escolas e clubes náuticos),Comércio e serviços náuticos,0,0,1
2024,420210,Barra Velha,0311601,Pesca de peixes em água salgada,Pesca e aquicultura,0,0,163
2024,420210,Barra Velha,0311602,Pesca de crustáceos e moluscos em água salgada,Pesca e aquicultura,0,0,20
2024,420210,Barra Velha,0311604,Atividades de apoio à pesca em água salgada,Pesca e aquicultura,0,0,11
2024,420210,Barra Velha,0321305,Atividades de apoio à aquicultura em água salgada e salobra,Pesca e aquicultura,0,0,2
2024,420210,Barra Velha,1020101,"Preservação de peixes, crustáceos e moluscos",Pesca e aquicultura,6,209,8
2024,420210,Barra Velha,1020102,"Fabricação de conservas de peixes, crustáceos e moluscos",Pesca e aquicultura,1,1,1
2024,420210,Barra Velha,3230200,Fabricação de artefatos para pesca e esporte,Indústria náutica,1,4,2
2024,420210,Barra Velha,3317101,Manutenção e reparação de embarcações e estruturas flutuantes,Indústria naval,0,0,1
2024,420210,Barra Velha,3317102,Manutenção e reparação de embarcações para esporte e lazer,Indústria náutica,0,0,1
2024,420210,Barra Velha,4763605,Comércio varejista de embarcações e outros veículos recreativos,Comércio e serviços náuticos,0,0,1
2024,420210,Barra Velha,5099801,Transporte aquaviário para passeios turísticos,Comércio e serviços náuticos,0,0,1
2024,420210,Barra Velha,7721700,Aluguel de equipamentos recreativos e esportivos,Comércio e serviços náuticos,0,0,2
2024,420210,Barra Velha,9319199,Outras atividades esportivas (inclui escolas e clubes náuticos),Comércio e serviços náuticos,1,1,2
2024,420220,Benedito Novo,7721700,Aluguel de equipamentos recreativos e esportivos,Comércio e serviços náuticos,0,0,3
2024,420220,Benedito Novo,9319199,Outras atividades esportivas (inclui escolas e clubes náuticos),Comércio e serviços náuticos,0,0,1
2024,420230,Biguaçu,0311601,Pesca de peixes em água salgada,Pesca e aquicultura,0,0,128
2024,420230,Biguaçu,0311602,Pesca de crustáceos e moluscos em água salgada,Pesca e aquicultura,1,1,2
2024,420230,Biguaçu,1020102,"Fabricação de conservas de peixes, crustáceos e moluscos",Pesca e aquicultura,2,12,3
2024,420230,Biguaçu,3012100,Construção de embarcações para esporte e lazer,Indústria náutica,3,68,6
2024,420230,Biguaçu,3317101,Manutenção e reparação de embarcações e estruturas flutuantes,Indústria naval,1,54,1
2024,420230,Biguaçu,3317102,Manutenção e reparação de embarcações para esporte e lazer,Indústria náutica,3,4,7
2024,420230,Biguaçu,4329102,Instalação de equipamentos para orientação à navegação,Indústria náutica,0,0,2
2024,420230,Biguaçu,4763605,Comércio varejista de embarcações e outros veículos recreativos,Comércio e serviços náuticos,2,6,4
2024,420230,Biguaçu,7721700,Aluguel de equipamentos recreativos e esportivos,Comércio e serviços náuticos,0,0,5
2024,420230,Biguaçu,9319199,Outras atividades esportivas (inclui escolas e clubes náuticos),Comércio e serviços náuticos,0,0,2
2024,420240,Blumenau,0321301,Criação de peixes em água salgada e salobra,Pesca e aquicultura,0,0,1
2024,420240,Blumenau,1020101,"Preservação de peixes, crustáceos e moluscos",Pesca e aquicultura,2,3,2
2024,420240,Blumenau,3012100,Construção de embarcações para esporte e lazer,Indústria náutica,0,0,1
2024,420240,Blumenau,3230200,Fabricação de artefatos para pesca e esporte,Indústria náutica,1,16,3
2024,420240,Blumenau,3317102,Manutenção e reparação de embarcações para esporte e lazer,Indústria náutica,0,0,1
2024,420240,Blumenau,4763605,Comércio varejista de embarcações e outros veículos recreativos,Comércio e serviços náuticos,2,3,2
2024,420240,Blumenau,5030101,Navegação de apoio marítimo,Portos e navegação,0,0,1
2024,420240,Blumenau,5231101,Administração da infraestrutura portuária,Portos e navegação,0,0,2
2024,420240,Blumenau,5231102,Atividades do operador portuário,Portos e navegação,1,41,1
2024,420240,Blumenau,7721700,Aluguel de equipamentos recreativos e esportivos,Comércio e serviços náuticos,2,2,9
2024,420240,Blumenau,9319199,Outras atividades esportivas (inclui escolas e clubes náuticos),Comércio e serviços náuticos,3,9,18
2024,420243,Bocaina do Sul,1020101,"Preservação de peixes, crustáceos e moluscos",Pesca e aquicultura,1,1,1
2024,420245,Bombinhas,0311601,Pesca de peixes em água salgada,Pesca e aquicultura,20,158,285
2024,420245,Bombinhas,0311602,Pesca de crustáceos e moluscos em água salgada,Pesca e aquicultura,0,0,45
2024,420245,Bombinhas,0311604,Atividades de apoio à pesca em água salgada,Pesca e aquicultura,0,0,1
2024,420245,Bombinhas,1020101,"Preservação de peixes, crustáceos e moluscos",Pesca e aquicultura,2,2,2
2024,420245,Bombinhas,4763605,Comércio varejista de embarcações e outros veículos recreativos,Comércio e serviços náuticos,1,4,2
2024,420245,Bombinhas,5030101,Navegação de apoio marítimo,Portos e navegação,0,0,1
2024,420245,Bombinhas,5099801,Transporte aquaviário para passeios turísticos,Comércio e serviços náuticos,1,17,6
2024,420245,Bombinhas,5239799,Atividades auxiliares dos transportes aquaviários,Portos e navegação,1,9,1
2024,420245,Bombinhas,7719501,"Locação de embarcações sem tripulação, exceto para fins recreativos",Comércio e serviços náuticos,0,0,1
2024,420245,Bombinhas,7721700,Aluguel de equipamentos recreativos e esportivos,Comércio e serviços náuticos,1,3,2
2024,420270,Botuverá,9319199,Outras atividades esportivas (inclui escolas e clubes náuticos),Comércio e serviços náuticos,0,0,1
2024,420280,Braço do Norte,0311602,Pesca de crustáceos e moluscos em água salgada,Pesca e aquicultura,0,0,2
2024,420280,Braço do Norte,1020101,"Preservação de peixes, crustáceos e moluscos",Pesca e aquicultura,2,28,4
2024,420280,Braço do Norte,7721700,Aluguel de equipamentos recreativos e esportivos,Comércio e serviços náuticos,0,0,1
2024,420280,Braço do Norte,9319199,Outras atividades esportivas (inclui escolas e clubes náuticos),Comércio e serviços náuticos,1,1,3
2024,420290,Brusque,3012100,Construção de embarcações para esporte e lazer,Indústria náutica,0,0,1
2024,420290,Brusque,3230200,Fabricação de artefatos para pesca e esporte,Indústria náutica,1,39,1
2024,420290,Brusque,3317101,Manutenção e reparação de embarcações e estruturas flutuantes,Indústria naval,0,0,1
2024,420290,Brusque,4763605,Comércio varejista de embarcações e outros veículos recreativos,Comércio e serviços náuticos,0,0,2
2024,420290,Brusque,7719501,"Locação de embarcações sem tripulação, exceto para fins recreativos",Comércio e serviços náuticos,0,0,1
2024,420290,Brusque,7721700,Aluguel de equipamentos recreativos e esportivos,Comércio e serviços náuticos,1,1,2
2024,420290,Brusque,9319199,Outras atividades esportivas (inclui escolas e clubes náuticos),Comércio e serviços náuticos,2,3,8
2024,420300,Caçador,9319199,Outras atividades esportivas (inclui escolas e clubes náuticos),Comércio e serviços náuticos,1,1,5
2024,420320,Camboriú,0311601,Pesca de peixes em água salgada,Pesca e aquicultura,1,17,12
2024,420320,Camboriú,1020101,"Preservação de peixes, crustáceos e moluscos",Pesca e aquicultura,1,22,3
2024,420320,Camboriú,3230200,Fabricação de artefatos para pesca e esporte,Indústria náutica,1,1,2
2024,420320,Camboriú,3317101,Manutenção e reparação de embarcações e estruturas flutuantes,Indústria naval,0,0,1
2024,420320,Camboriú,3317102,Manutenção e reparação de embarcações para esporte e lazer,Indústria náutica,3,6,10
2024,420320,Camboriú,4329102,Instalação de equipamentos para orientação à navegação,Indústria náutica,0,0,1
2024,420320,Camboriú,4763605,Comércio varejista de embarcações e outros veículos recreativos,Comércio e serviços náuticos,0,0,6
2024,420320,Camboriú,5099801,Transporte aquaviário para passeios turísticos,Comércio e serviços náuticos,0,0,1
2024,420320,Camboriú,5239799,Atividades auxiliares dos transportes aquaviários,Portos e navegação,0,0,1
2024,420320,Camboriú,7719501,"Locação de embarcações sem tripulação, exceto para fins recreativos",Comércio e serviços náuticos,0,0,2
2024,420320,Camboriú,7721700,Aluguel de equipamentos recreativos e esportivos,Comércio e serviços náuticos,1,1,5
2024,420320,Camboriú,9319199,Outras atividades esportivas (inclui escolas e clubes náuticos),Comércio e serviços náuticos,1,2,5
2024,420350,Campo Erê,7721700,Aluguel de equipamentos recreativos e esportivos,Comércio e serviços náuticos,0,0,1
2024,420350,Campo Erê,9319199,Outras atividades esportivas (inclui escolas e clubes náuticos),Comércio e serviços náuticos,0,0,2
2024,420360,Campos Novos,0311604,Atividades de apoio à pesca em água salgada,Pesca e aquicultura,0,0,1
2024,420360,Campos Novos,7721700,Aluguel de equipamentos recreativos e esportivos,Comércio e serviços náuticos,0,0,1
2024,420360,Campos Novos,9319199,Outras atividades esportivas (inclui escolas e clubes náuticos),Comércio e serviços náuticos,0,0,5
2024,420370,Canelinha,0311601,Pesca de peixes em água salgada,Pesca e aquicultura,0,0,4
2024,420370,Canelinha,3230200,Fabricação de artefatos para pesca e esporte,Indústria náutica,0,0,1
2024,420380,Canoinhas,1020101,"Preservação de peixes, crustáceos e moluscos",Pesca e aquicultura,0,0,2
2024,420380,Canoinhas,7721700,Aluguel de equipamentos recreativos e esportivos,Comércio e serviços náuticos,1,1,3
2024,420380,Canoinhas,9319199,Outras atividades esportivas (inclui escolas e clubes náuticos),Comércio e serviços náuticos,0,0,1
2024,420390,Capinzal,9319199,Outras atividades esportivas (inclui escolas e clubes náuticos),Comércio e serviços náuticos,1,1,6
2024,420395,Capivari de Baixo,0311601,Pesca de peixes em água salgada,Pesca e aquicultura,0,0,1
2024,420395,Capivari de Baixo,0311602,Pesca de crustáceos e moluscos em água salgada,Pesca e aquicultura,0,0,2
2024,420395,Capivari de Baixo,4763605,Comércio varejista de embarcações e outros veículos recreativos,Comércio e serviços náuticos,0,0,1
2024,420400,Catanduvas,3317102,Manutenção e reparação de embarcações para esporte e lazer,Indústria náutica,0,0,1
2024,420410,Caxambu do Sul,1020101,"Preservação de peixes, crustáceos e moluscos",Pesca e aquicultura,0,0,1
2024,420410,Caxambu do Sul,1020102,"Fabricação de conservas de peixes, crustáceos e moluscos",Pesca e aquicultura,1,1,1
2024,420420,Chapecó,1020101,"Preservação de peixes, crustáceos e moluscos",Pesca e aquicultura,1,1,1
2024,420420,Chapecó,3317102,Manutenção e reparação de embarcações para esporte e lazer,Indústria náutica,2,4,2
2024,420420,Chapecó,4763605,Comércio varejista de embarcações e outros veículos recreativos,Comércio e serviços náuticos,2,6,4
2024,420420,Chapecó,5011401,"Transporte marítimo de cabotagem, carga",Portos e navegação,0,0,1
2024,420420,Chapecó,5099801,Transporte aquaviário para passeios turísticos,Comércio e serviços náuticos,0,0,1
2024,420420,Chapecó,7721700,Aluguel de equipamentos recreativos e esportivos,Comércio e serviços náuticos,0,0,8
2024,420420,Chapecó,9319199,Outras atividades esportivas (inclui escolas e clubes náuticos),Comércio e serviços náuticos,0,0,34
2024,420425,Cocal do Sul,9319199,Outras atividades esportivas (inclui escolas e clubes náuticos),Comércio e serviços náuticos,1,1,1
2024,420430,Concórdia,1020101,"Preservação de peixes, crustáceos e moluscos",Pesca e aquicultura,1,1,1
2024,420430,Concórdia,3230200,Fabricação de artefatos para pesca e esporte,Indústria náutica,2,4,3
2024,420430,Concórdia,3317102,Manutenção e reparação de embarcações para esporte e lazer,Indústria náutica,0,0,1
2024,420430,Concórdia,7721700,Aluguel de equipamentos recreativos e esportivos,Comércio e serviços náuticos,0,0,4
2024,420430,Concórdia,9319199,Outras atividades esportivas (inclui escolas e clubes náuticos),Comércio e serviços náuticos,2,10,12
2024,420435,Cordilheira Alta,9319199,Outras atividades esportivas (inclui escolas e clubes náuticos),Comércio e serviços náuticos,0,0,1
2024,420440,Coronel Freitas,9319199,Outras atividades esportivas (inclui escolas e clubes náuticos),Comércio e serviços náuticos,0,0,2
2024,420450,Corupá,9319199,Outras atividades esportivas (inclui escolas e clubes náuticos),Comércio e serviços náuticos,0,0,2
2024,420455,Correia Pinto,9319199,Outras atividades esportivas (inclui escolas e clubes náuticos),Comércio e serviços náuticos,0,0,1
2024,420460,Criciúma,0311601,Pesca de peixes em água salgada,Pesca e aquicultura,0,0,46
2024,420460,Criciúma,0311602,Pesca de crustáceos e moluscos em água salgada,Pesca e aquicultura,0,0,2
2024,420460,Criciúma,0311604,Atividades de apoio à pesca em água salgada,Pesca e aquicultura,0,0,1
2024,420460,Criciúma,4329102,Instalação de equipamentos para orientação à navegação,Indústria náutica,0,0,1
2024,420460,Criciúma,5232000,Atividades de agenciamento marítimo,Portos e navegação,1,56,1
2024,420460,Criciúma,7721700,Aluguel de equipamentos recreativos e esportivos,Comércio e serviços náuticos,2,6,8
2024,420460,Criciúma,9319199,Outras atividades esportivas (inclui escolas e clubes náuticos),Comércio e serviços náuticos,3,3,23
2024,420480,Curitibanos,7721700,Aluguel de equipamentos recreativos e esportivos,Comércio e serviços náuticos,1,1,2
2024,420480,Curitibanos,9319199,Outras atividades esportivas (inclui escolas e clubes náuticos),Comércio e serviços náuticos,1,1,3
2024,420490,Descanso,1020101,"Preservação de peixes, crustáceos e moluscos",Pesca e aquicultura,1,28,1
2024,420490,Descanso,9319199,Outras atividades esportivas (inclui escolas e clubes náuticos),Comércio e serviços náuticos,0,0,3
2024,420500,Dionísio Cerqueira,9319199,Outras atividades esportivas (inclui escolas e clubes náuticos),Comércio e serviços náuticos,2,3,5
2024,420520,Erval Velho,9319199,Outras atividades esportivas (inclui escolas e clubes náuticos),Comércio e serviços náuticos,0,0,2
2024,420540,Florianópolis,0311601,Pesca de peixes em água salgada,Pesca e aquicultura,6,82,1129
2024,420540,Florianópolis,0311602,Pesca de crustáceos e moluscos em água salgada,Pesca e aquicultura,2,27,6
2024,420540,Florianópolis,0311604,Atividades de apoio à pesca em água salgada,Pesca e aquicultura,0,0,8
2024,420540,Florianópolis,0321301,Criação de peixes em água salgada e salobra,Pesca e aquicultura,0,0,2
2024,420540,Florianópolis,0321302,Criação de camarões em água salgada e salobra,Pesca e aquicultura,0,0,1
2024,420540,Florianópolis,0321303,Criação de ostras e mexilhões em água salgada e salobra,Pesca e aquicultura,8,68,13
2024,420540,Florianópolis,0321305,Atividades de apoio à aquicultura em água salgada e salobra,Pesca e aquicultura,1,1,14
2024,420540,Florianópolis,0321399,Cultivos e semicultivos da aquicultura em água salgada e salobra,Pesca e aquicultura,1,4,4
2024,420540,Florianópolis,1020101,"Preservação de peixes, crustáceos e moluscos",Pesca e aquicultura,4,10,6
2024,420540,Florianópolis,1020102,"Fabricação de conservas de peixes, crustáceos e moluscos",Pesca e aquicultura,0,0,3
2024,420540,Florianópolis,3011301,Construção de embarcações de grande porte,Indústria naval,0,0,1
2024,420540,Florianópolis,3011302,"Construção de embarcações para uso comercial e usos especiais, exceto de grande porte",Indústria náutica,0,0,1
2024,420540,Florianópolis,3012100,Construção de embarcações para esporte e lazer,Indústria náutica,3,106,5
2024,420540,Florianópolis,3230200,Fabricação de artefatos para pesca e esporte,Indústria náutica,12,87,23
2024,420540,Florianópolis,3317101,Manutenção e reparação de embarcações e estruturas flutuantes,Indústria naval,3,183,6
2024,420540,Florianópolis,3317102,Manutenção e reparação de embarcações para esporte e lazer,Indústria náutica,3,10,9
2024,420540,Florianópolis,4329102,Instalação de equipamentos para orientação à navegação,Indústria náutica,0,0,8
2024,420540,Florianópolis,4763605,Comércio varejista de embarcações e outros veículos recreativos,Comércio e serviços náuticos,7,21,22
2024,420540,Florianópolis,5011401,"Transporte marítimo de cabotagem, carga",Portos e navegação,0,0,2
2024,420540,Florianópolis,5099801,Transporte aquaviário para passeios turísticos,Comércio e serviços náuticos,11,99,34
2024,420540,Florianópolis,5239701,Serviços de praticagem,Portos e navegação,0,0,1
2024,420540,Florianópolis,5239799,Atividades auxiliares dos transportes aquaviários,Portos e navegação,1,4,3
2024,420540,Florianópolis,7719501,"Locação de embarcações sem tripulação, exceto para fins recreativos",Comércio e serviços náuticos,2,17,6
2024,420540,Florianópolis,7721700,Aluguel de equipamentos recreativos e esportivos,Comércio e serviços náuticos,11,48,48
2024,420540,Florianópolis,9319199,Outras atividades esportivas (inclui escolas e clubes náuticos),Comércio e serviços náuticos,12,74,59
2024,420543,Formosa do Sul,9319199,Outras atividades esportivas (inclui escolas e clubes náuticos),Comércio e serviços náuticos,0,0,4
2024,420545,Forquilhinha,0311601,Pesca de peixes em água salgada,Pesca e aquicultura,0,0,11
2024,420550,Fraiburgo,3317101,Manutenção e reparação de embarcações e estruturas flutuantes,Indústria naval,1,2,1
2024,420550,Fraiburgo,9319199,Outras atividades esportivas (inclui escolas e clubes náuticos),Comércio e serviços náuticos,0,0,4
2024,420560,Galvão,9319199,Outras atividades esportivas (inclui escolas e clubes náuticos),Comércio e serviços náuticos,0,0,2
2024,420570,Garopaba,0311601,Pesca de peixes em água salgada,Pesca e aquicultura,0,0,634
2024,420570,Garopaba,0311602,Pesca de crustáceos e moluscos em água salgada,Pesca e aquicultura,0,0,8
2024,420570,Garopaba,0311604,Atividades de apoio à pesca em água salgada,Pesca e aquicultura,0,0,1
2024,420570,Garopaba,3230200,Fabricação de artefatos para pesca e esporte,Indústria náutica,0,0,2
2024,420570,Garopaba,5099801,Transporte aquaviário para passeios turísticos,Comércio e serviços náuticos,0,0,2
2024,420570,Garopaba,9319199,Outras atividades esportivas (inclui escolas e clubes náuticos),Comércio e serviços náuticos,0,0,1
2024,420580,Garuva,0311601,Pesca de peixes em água salgada,Pesca e aquicultura,0,0,17
2024,420580,Garuva,0311602,Pesca de crustáceos e moluscos em água salgada,Pesca e aquicultura,0,0,1
2024,420580,Garuva,0311604,Atividades de apoio à pesca em água salgada,Pesca e aquicultura,0,0,1
2024,420580,Garuva,1020102,"Fabricação de conservas de peixes, crustáceos e moluscos",Pesca e aquicultura,0,0,2
2024,420580,Garuva,3230200,Fabricação de artefatos para pesca e esporte,Indústria náutica,0,0,1
2024,420580,Garuva,3317102,Manutenção e reparação de embarcações para esporte e lazer,Indústria náutica,1,1,1
2024,420580,Garuva,4763605,Comércio varejista de embarcações e outros veículos recreativos,Comércio e serviços náuticos,2,2,7
2024,420580,Garuva,5231102,Atividades do operador portuário,Portos e navegação,0,0,1
2024,420590,Gaspar,0311601,Pesca de peixes em água salgada,Pesca e aquicultura,0,0,1
2024,420590,Gaspar,3011302,"Construção de embarcações para uso comercial e usos especiais, exceto de grande porte",Indústria náutica,2,21,2
2024,420590,Gaspar,3230200,Fabricação de artefatos para pesca e esporte,Indústria náutica,0,0,1
2024,420590,Gaspar,4763605,Comércio varejista de embarcações e outros veículos recreativos,Comércio e serviços náuticos,2,10,3
2024,420590,Gaspar,7721700,Aluguel de equipamentos recreativos e esportivos,Comércio e serviços náuticos,0,0,2
2024,420590,Gaspar,9319199,Outras atividades esportivas (inclui escolas e clubes náuticos),Comércio e serviços náuticos,1,3,6
2024,420600,Governador Celso Ramos,0311601,Pesca de peixes em água salgada,Pesca e aquicultura,6,26,543
2024,420600,Governador Celso Ramos,0311602,Pesca de crustáceos e moluscos em água salgada,Pesca e aquicultura,1,1,38
2024,420600,Governador Celso Ramos,0311604,Atividades de apoio à pesca em água salgada,Pesca e aquicultura,0,0,1
2024,420600,Governador Celso Ramos,0321305,Atividades de apoio à aquicultura em água salgada e salobra,Pesca e aquicultura,0,0,5
2024,420600,Governador Celso Ramos,1020101,"Preservação de peixes, crustáceos e moluscos",Pesca e aquicultura,1,21,1
2024,420600,Governador Celso Ramos,1020102,"Fabricação de conservas de peixes, crustáceos e moluscos",Pesca e aquicultura,1,2,2
2024,420600,Governador Celso Ramos,3012100,Construção de embarcações para esporte e lazer,Indústria náutica,0,0,1
2024,420600,Governador Celso Ramos,5099801,Transporte aquaviário para passeios turísticos,Comércio e serviços náuticos,0,0,1
2024,420600,Governador Celso Ramos,7721700,Aluguel de equipamentos recreativos e esportivos,Comércio e serviços náuticos,0,0,1
2024,420620,Gravatal,9319199,Outras atividades esportivas (inclui escolas e clubes náuticos),Comércio e serviços náuticos,0,0,3
2024,420630,Guabiruba,0311601,Pesca de peixes em água salgada,Pesca e aquicultura,0,0,1
2024,420640,Guaraciaba,9319199,Outras atividades esportivas (inclui escolas e clubes náuticos),Comércio e serviços náuticos,0,0,2
2024,420650,Guaramirim,0311601,Pesca de peixes em água salgada,Pesca e aquicultura,0,0,5
2024,420650,Guaramirim,3230200,Fabricação de artefatos para pesca e esporte,Indústria náutica,4,96,4
2024,420650,Guaramirim,7721700,Aluguel de equipamentos recreativos e esportivos,Comércio e serviços náuticos,0,0,2
2024,420650,Guaramirim,9319199,Outras atividades esportivas (inclui escolas e clubes náuticos),Comércio e serviços náuticos,0,0,3
2024,420660,Guarujá do Sul,9319199,Outras atividades esportivas (inclui escolas e clubes náuticos),Comércio e serviços náuticos,0,0,2
2024,420665,Guatambú,9319199,Outras atividades esportivas (inclui escolas e clubes náuticos),Comércio e serviços náuticos,0,0,1
2024,420670,Herval d'Oeste,3317102,Manutenção e reparação de embarcações para esporte e lazer,Indústria náutica,0,0,1
2024,420670,Herval d'Oeste,9319199,Outras atividades esportivas (inclui escolas e clubes náuticos),Comércio e serviços náuticos,1,1,3
2024,420680,Ibicaré,9319199,Outras atividades esportivas (inclui escolas e clubes náuticos),Comércio e serviços náuticos,0,0,1
2024,420690,Ibirama,7721700,Aluguel de equipamentos recreativos e esportivos,Comércio e serviços náuticos,0,0,1
2024,420690,Ibirama,9319199,Outras atividades esportivas (inclui escolas e clubes náuticos),Comércio e serviços náuticos,0,0,2
2024,420700,Içara,0311601,Pesca de peixes em água salgada,Pesca e aquicultura,0,0,230
2024,420700,Içara,0311602,Pesca de crustáceos e moluscos em água salgada,Pesca e aquicultura,0,0,8
2024,420700,Içara,1020101,"Preservação de peixes, crustáceos e moluscos",Pesca e aquicultura,1,1,1
2024,420700,Içara,1020102,"Fabricação de conservas de peixes, crustáceos e moluscos",Pesca e aquicultura,0,0,1
2024,420700,Içara,3230200,Fabricação de artefatos para pesca e esporte,Indústria náutica,1,1,3
2024,420700,Içara,7721700,Aluguel de equipamentos recreativos e esportivos,Comércio e serviços náuticos,1,1,3
2024,420700,Içara,9319199,Outras atividades esportivas (inclui escolas e clubes náuticos),Comércio e serviços náuticos,0,0,3
2024,420710,Ilhota,0311601,Pesca de peixes em água salgada,Pesca e aquicultura,0,0,1
2024,420710,Ilhota,1020101,"Preservação de peixes, crustáceos e moluscos",Pesca e aquicultura,1,100,1
2024,420710,Ilhota,3011301,Construção de embarcações de grande porte,Indústria naval,0,0,1
2024,420710,Ilhota,3012100,Construção de embarcações para esporte e lazer,Indústria náutica,0,0,1
2024,420710,Ilhota,3230200,Fabricação de artefatos para pesca e esporte,Indústria náutica,1,3,1
2024,420710,Ilhota,3317101,Manutenção e reparação de embarcações e estruturas flutuantes,Indústria naval,1,3,2
2024,420710,Ilhota,3317102,Manutenção e reparação de embarcações para esporte e lazer,Indústria náutica,2,35,2
2024,420710,Ilhota,9319199,Outras atividades esportivas (inclui escolas e clubes náuticos),Comércio e serviços náuticos,0,0,1
2024,420720,Imaruí,0311601,Pesca de peixes em água salgada,Pesca e aquicultura,0,0,16
2024,420720,Imaruí,0311602,Pesca de crustáceos e moluscos em água salgada,Pesca e aquicultura,0,0,1020
2024,420720,Imaruí,0321302,Criação de camarões em água salgada e salobra,Pesca e aquicultura,0,0,2
2024,420720,Imaruí,0321305,Atividades de apoio à aquicultura em água salgada e salobra,Pesca e aquicultura,0,0,1
2024,420720,Imaruí,1020101,"Preservação de peixes, crustáceos e moluscos",Pesca e aquicultura,2,8,3
2024,420720,Imaruí,1020102,"Fabricação de conservas de peixes, crustáceos e moluscos",Pesca e aquicultura,3,23,8
2024,420730,Imbituba,0311601,Pesca de peixes em água salgada,Pesca e aquicultura,1,15,506
2024,420730,Imbituba,0311602,Pesca de crustáceos e moluscos em água salgada,Pesca e aquicultura,0,0,479
2024,420730,Imbituba,0321302,Criação de camarões em água salgada e salobra,Pesca e aquicultura,1,2,1
2024,420730,Imbituba,1020101,"Preservação de peixes, crustáceos e moluscos",Pesca e aquicultura,1,3,3
2024,420730,Imbituba,3011302,"Construção de embarcações para uso comercial e usos especiais, exceto de grande porte",Indústria náutica,1,1,1
2024,420730,Imbituba,3230200,Fabricação de artefatos para pesca e esporte,Indústria náutica,0,0,2
2024,420730,Imbituba,4763605,Comércio varejista de embarcações e outros veículos recreativos,Comércio e serviços náuticos,0,0,1
2024,420730,Imbituba,5030101,Navegação de apoio marítimo,Portos e navegação,0,0,1
2024,420730,Imbituba,5030102,Navegação de apoio portuário,Portos e navegação,3,32,4
2024,420730,Imbituba,5231101,Administração da infraestrutura portuária,Portos e navegação,1,101,2
2024,420730,Imbituba,5231102,Atividades do operador portuário,Portos e navegação,11,603,16
2024,420730,Imbituba,5232000,Atividades de agenciamento marítimo,Portos e navegação,7,31,12
2024,420730,Imbituba,5239701,Serviços de praticagem,Portos e navegação,0,0,1
2024,420730,Imbituba,5239799,Atividades auxiliares dos transportes aquaviários,Portos e navegação,1,7,6
2024,420730,Imbituba,7721700,Aluguel de equipamentos recreativos e esportivos,Comércio e serviços náuticos,1,5,4
2024,420730,Imbituba,9319199,Outras atividades esportivas (inclui escolas e clubes náuticos),Comércio e serviços náuticos,1,18,5
2024,420750,Indaial,3230200,Fabricação de artefatos para pesca e esporte,Indústria náutica,0,0,1
2024,420750,Indaial,9319199,Outras atividades esportivas (inclui escolas e clubes náuticos),Comércio e serviços náuticos,2,3,6
2024,420760,Ipira,9319199,Outras atividades esportivas (inclui escolas e clubes náuticos),Comércio e serviços náuticos,0,0,1
2024,420765,Iporã do Oeste,9319199,Outras atividades esportivas (inclui escolas e clubes náuticos),Comércio e serviços náuticos,0,0,1
2024,420768,Ipuaçu,9319199,Outras atividades esportivas (inclui escolas e clubes náuticos),Comércio e serviços náuticos,0,0,1
2024,420770,Ipumirim,9319199,Outras atividades esportivas (inclui escolas e clubes náuticos),Comércio e serviços náuticos,0,0,2
2024,420775,Iraceminha,9319199,Outras atividades esportivas (inclui escolas e clubes náuticos),Comércio e serviços náuticos,0,0,6
2024,420780,Irani,9319199,Outras atividades esportivas (inclui escolas e clubes náuticos),Comércio e serviços náuticos,0,0,5
2024,420785,Irati,9319199,Outras atividades esportivas (inclui escolas e clubes náuticos),Comércio e serviços náuticos,0,0,2
2024,420790,Irineópolis,3230200,Fabricação de artefatos para pesca e esporte,Indústria náutica,0,0,1
2024,420800,Itá,5099801,Transporte aquaviário para passeios turísticos,Comércio e serviços náuticos,0,0,1
2024,420800,Itá,7721700,Aluguel de equipamentos recreativos e esportivos,Comércio e serviços náuticos,1,2,1
2024,420800,Itá,9319199,Outras atividades esportivas (inclui escolas e clubes náuticos),Comércio e serviços náuticos,0,0,12
2024,420810,Itaiópolis,0311601,Pesca de peixes em água salgada,Pesca e aquicultura,0,0,1
2024,420810,Itaiópolis,7721700,Aluguel de equipamentos recreativos e esportivos,Comércio e serviços náuticos,0,0,1
2024,420820,Itajaí,0311601,Pesca de peixes em água salgada,Pesca e aquicultura,74,898,151
2024,420820,Itajaí,0311602,Pesca de crustáceos e moluscos em água salgada,Pesca e aquicultura,2,53,13
2024,420820,Itajaí,0311604,Atividades de apoio à pesca em água salgada,Pesca e aquicultura,4,20,5
2024,420820,Itajaí,0321301,Criação de peixes em água salgada e salobra,Pesca e aquicultura,0,0,1
2024,420820,Itajaí,1020101,"Preservação de peixes, crustáceos e moluscos",Pesca e aquicultura,6,195,13
2024,420820,Itajaí,1020102,"Fabricação de conservas de peixes, crustáceos e moluscos",Pesca e aquicultura,8,3151,18
2024,420820,Itajaí,3011301,Construção de embarcações de grande porte,Indústria naval,11,2216,14
2024,420820,Itajaí,3011302,"Construção de embarcações para uso comercial e usos especiais, exceto de grande porte",Indústria náutica,4,16,5
2024,420820,Itajaí,3012100,Construção de embarcações para esporte e lazer,Indústria náutica,8,801,15
2024,420820,Itajaí,3230200,Fabricação de artefatos para pesca e esporte,Indústria náutica,2,3,7
2024,420820,Itajaí,3317101,Manutenção e reparação de embarcações e estruturas flutuantes,Indústria naval,12,114,26
2024,420820,Itajaí,3317102,Manutenção e reparação de embarcações para esporte e lazer,Indústria náutica,9,103,21
2024,420820,Itajaí,4329102,Instalação de equipamentos para orientação à navegação,Indústria náutica,1,3,9
2024,420820,Itajaí,4763605,Comércio varejista de embarcações e outros veículos recreativos,Comércio e serviços náuticos,9,34,37
2024,420820,Itajaí,5011401,"Transporte marítimo de cabotagem, carga",Portos e navegação,1,1,4
2024,420820,Itajaí,5030101,Navegação de apoio marítimo,Portos e navegação,2,717,4
2024,420820,Itajaí,5030102,Navegação de apoio portuário,Portos e navegação,2,56,3
2024,420820,Itajaí,5099801,Transporte aquaviário para passeios turísticos,Comércio e serviços náuticos,0,0,1
2024,420820,Itajaí,5231101,Administração da infraestrutura portuária,Portos e navegação,1,2,4
2024,420820,Itajaí,5231102,Atividades do operador portuário,Portos e navegação,14,717,29
2024,420820,Itajaí,5232000,Atividades de agenciamento marítimo,Portos e navegação,57,915,95
2024,420820,Itajaí,5239701,Serviços de praticagem,Portos e navegação,1,3,18
2024,420820,Itajaí,5239799,Atividades auxiliares dos transportes aquaviários,Portos e navegação,3,4,8
2024,420820,Itajaí,7719501,"Locação de embarcações sem tripulação, exceto para fins recreativos",Comércio e serviços náuticos,1,4,4
2024,420820,Itajaí,7721700,Aluguel de equipamentos recreativos e esportivos,Comércio e serviços náuticos,3,18,14
2024,420820,Itajaí,9319199,Outras atividades esportivas (inclui escolas e clubes náuticos),Comércio e serviços náuticos,2,2,26
2024,420830,Itapema,0311601,Pesca de peixes em água salgada,Pesca e aquicultura,0,0,43
2024,420830,Itapema,0311602,Pesca de crustáceos e moluscos em água salgada,Pesca e aquicultura,0,0,1
2024,420830,Itapema,0321305,Atividades de apoio à aquicultura em água salgada e salobra,Pesca e aquicultura,0,0,1
2024,420830,Itapema,1020101,"Preservação de peixes, crustáceos e moluscos",Pesca e aquicultura,2,10,3
2024,420830,Itapema,3230200,Fabricação de artefatos para pesca e esporte,Indústria náutica,3,24,6
2024,420830,Itapema,3317101,Manutenção e reparação de embarcações e estruturas flutuantes,Indústria naval,0,0,1
2024,420830,Itapema,3317102,Manutenção e reparação de embarcações para esporte e lazer,Indústria náutica,1,1,2
2024,420830,Itapema,4763605,Comércio varejista de embarcações e outros veículos recreativos,Comércio e serviços náuticos,0,0,1
2024,420830,Itapema,7721700,Aluguel de equipamentos recreativos e esportivos,Comércio e serviços náuticos,1,16,7
2024,420830,Itapema,9319199,Outras atividades esportivas (inclui escolas e clubes náuticos),Comércio e serviços náuticos,1,3,2
2024,420840,Itapiranga,7721700,Aluguel de equipamentos recreativos e esportivos,Comércio e serviços náuticos,0,0,1
2024,420840,Itapiranga,9319199,Outras atividades esportivas (inclui escolas e clubes náuticos),Comércio e serviços náuticos,0,0,14
2024,420845,Itapoá,0311601,Pesca de peixes em água salgada,Pesca e aquicultura,0,0,598
2024,420845,Itapoá,0311602,Pesca de crustáceos e moluscos em água salgada,Pesca e aquicultura,0,0,96
2024,420845,Itapoá,0311604,Atividades de apoio à pesca em água salgada,Pesca e aquicultura,0,0,20
2024,420845,Itapoá,0321301,Criação de peixes em água salgada e salobra,Pesca e aquicultura,0,0,1
2024,420845,Itapoá,0321302,Criação de camarões em água salgada e salobra,Pesca e aquicultura,0,0,2
2024,420845,Itapoá,0321305,Atividades de apoio à aquicultura em água salgada e salobra,Pesca e aquicultura,0,0,1
2024,420845,Itapoá,5011401,"Transporte marítimo de cabotagem, carga",Portos e navegação,0,0,1
2024,420845,Itapoá,5030101,Navegação de apoio marítimo,Portos e navegação,0,0,1
2024,420845,Itapoá,5099801,Transporte aquaviário para passeios turísticos,Comércio e serviços náuticos,0,0,1
2024,420845,Itapoá,5231101,Administração da infraestrutura portuária,Portos e navegação,1,4,1
2024,420845,Itapoá,5231102,Atividades do operador portuário,Portos e navegação,2,1822,3
2024,420845,Itapoá,5232000,Atividades de agenciamento marítimo,Portos e navegação,0,0,1
2024,420845,Itapoá,5239799,Atividades auxiliares dos transportes aquaviários,Portos e navegação,0,0,1
2024,420845,Itapoá,7721700,Aluguel de equipamentos recreativos e esportivos,Comércio e serviços náuticos,1,1,1
2024,420845,Itapoá,9319199,Outras atividades esportivas (inclui escolas e clubes náuticos),Comércio e serviços náuticos,0,0,1
2024,420850,Ituporanga,0311601,Pesca de peixes em água salgada,Pesca e aquicultura,0,0,1
2024,420860,Jaborá,9319199,Outras atividades esportivas (inclui escolas e clubes náuticos),Comércio e serviços náuticos,0,0,2
2024,420870,Jacinto Machado,3012100,Construção de embarcações para esporte e lazer,Indústria náutica,0,0,1
2024,420880,Jaguaruna,0311601,Pesca de peixes em água salgada,Pesca e aquicultura,0,0,495
2024,420880,Jaguaruna,0311602,Pesca de crustáceos e moluscos em água salgada,Pesca e aquicultura,0,0,242
2024,420880,Jaguaruna,0311604,Atividades de apoio à pesca em água salgada,Pesca e aquicultura,0,0,1
2024,420880,Jaguaruna,1020101,"Preservação de peixes, crustáceos e moluscos",Pesca e aquicultura,1,7,2
2024,420880,Jaguaruna,5231101,Administração da infraestrutura portuária,Portos e navegação,1,31,1
2024,420890,Jaraguá do Sul,0311601,Pesca de peixes em água salgada,Pesca e aquicultura,0,0,1
2024,420890,Jaraguá do Sul,3011301,Construção de embarcações de grande porte,Indústria naval,0,0,1
2024,420890,Jaraguá do Sul,3317102,Manutenção e reparação de embarcações para esporte e lazer,Indústria náutica,0,0,1
2024,420890,Jaraguá do Sul,7721700,Aluguel de equipamentos recreativos e esportivos,Comércio e serviços náuticos,1,2,5
2024,420890,Jaraguá do Sul,9319199,Outras atividades esportivas (inclui escolas e clubes náuticos),Comércio e serviços náuticos,2,3,16
2024,420900,Joaçaba,9319199,Outras atividades esportivas (inclui escolas e clubes náuticos),Comércio e serviços náuticos,1,1,7
2024,420910,Joinville,0311601,Pesca de peixes em água salgada,Pesca e aquicultura,0,0,395
2024,420910,Joinville,0311602,Pesca de crustáceos e moluscos em água salgada,Pesca e aquicultura,0,0,36
2024,420910,Joinville,0311604,Atividades de apoio à pesca em água salgada,Pesca e aquicultura,0,0,8
2024,420910,Joinville,0321301,Criação de peixes em água salgada e salobra,Pesca e aquicultura,0,0,2
2024,420910,Joinville,0321302,Criação de camarões em água salgada e salobra,Pesca e aquicultura,0,0,18
2024,420910,Joinville,1020101,"Preservação de peixes, crustáceos e moluscos",Pesca e aquicultura,1,12,1
2024,420910,Joinville,1020102,"Fabricação de conservas de peixes, crustáceos e moluscos",Pesca e aquicultura,1,3,2
2024,420910,Joinville,3011301,Construção de embarcações de grande porte,Indústria naval,1,6,2
2024,420910,Joinville,3011302,"Construção de embarcações para uso comercial e usos especiais, exceto de grande porte",Indústria náutica,0,0,1
2024,420910,Joinville,3012100,Construção de embarcações para esporte e lazer,Indústria náutica,4,22,12
2024,420910,Joinville,3230200,Fabricação de artefatos para pesca e esporte,Indústria náutica,8,115,11
2024,420910,Joinville,3317101,Manutenção e reparação de embarcações e estruturas flutuantes,Indústria naval,0,0,4
2024,420910,Joinville,3317102,Manutenção e reparação de embarcações para esporte e lazer,Indústria náutica,4,10,17
2024,420910,Joinville,4329102,Instalação de equipamentos para orientação à navegação,Indústria náutica,0,0,1
2024,420910,Joinville,4763605,Comércio varejista de embarcações e outros veículos recreativos,Comércio e serviços náuticos,5,22,17
2024,420910,Joinville,5011401,"Transporte marítimo de cabotagem, carga",Portos e navegação,0,0,1
2024,420910,Joinville,5099801,Transporte aquaviário para passeios turísticos,Comércio e serviços náuticos,1,1,1
2024,420910,Joinville,5231101,Administração da infraestrutura portuária,Portos e navegação,0,0,1
2024,420910,Joinville,5231102,Atividades do operador portuário,Portos e navegação,1,2,5
2024,420910,Joinville,5232000,Atividades de agenciamento marítimo,Portos e navegação,3,14,5
2024,420910,Joinville,5239799,Atividades auxiliares dos transportes aquaviários,Portos e navegação,0,0,1
2024,420910,Joinville,7719501,"Locação de embarcações sem tripulação, exceto para fins recreativos",Comércio e serviços náuticos,1,1,3
2024,420910,Joinville,7721700,Aluguel de equipamentos recreativos e esportivos,Comércio e serviços náuticos,8,9,19
2024,420910,Joinville,9319199,Outras atividades esportivas (inclui escolas e clubes náuticos),Comércio e serviços náuticos,7,104,32
2024,420920,Lacerdópolis,9319199,Outras atividades esportivas (inclui escolas e clubes náuticos),Comércio e serviços náuticos,0,0,1
2024,420930,Lages,0311601,Pesca de peixes em água salgada,Pesca e aquicultura,0,0,1
2024,420930,Lages,0311604,Atividades de apoio à pesca em água salgada,Pesca e aquicultura,0,0,1
2024,420930,Lages,1020101,"Preservação de peixes, crustáceos e moluscos",Pesca e aquicultura,1,9,1
2024,420930,Lages,3012100,Construção de embarcações para esporte e lazer,Indústria náutica,0,0,1
2024,420930,Lages,4763605,Comércio varejista de embarcações e outros veículos recreativos,Comércio e serviços náuticos,0,0,1
2024,420930,Lages,7721700,Aluguel de equipamentos recreativos e esportivos,Comércio e serviços náuticos,2,7,4
2024,420930,Lages,9319199,Outras atividades esportivas (inclui escolas e clubes náuticos),Comércio e serviços náuticos,2,4,13
2024,420940,Laguna,0311601,Pesca de peixes em água salgada,Pesca e aquicultura,9,158,594
2024,420940,Laguna,0311602,Pesca de crustáceos e moluscos em água salgada,Pesca e aquicultura,0,0,2406
2024,420940,Laguna,0311604,Atividades de apoio à pesca em água salgada,Pesca e aquicultura,1,12,8
2024,420940,Laguna,0321301,Criação de peixes em água salgada e salobra,Pesca e aquicultura,1,1,2
2024,420940,Laguna,0321302,Criação de camarões em água salgada e salobra,Pesca e aquicultura,3,10,4
2024,420940,Laguna,0321303,Criação de ostras e mexilhões em água salgada e salobra,Pesca e aquicultura,0,0,2
2024,420940,Laguna,0321399,Cultivos e semicultivos da aquicultura em água salgada e salobra,Pesca e aquicultura,1,1,2
2024,420940,Laguna,1020101,"Preservação de peixes, crustáceos e moluscos",Pesca e aquicultura,7,205,10
2024,420940,Laguna,1020102,"Fabricação de conservas de peixes, crustáceos e moluscos",Pesca e aquicultura,10,236,12
2024,420940,Laguna,3011302,"Construção de embarcações para uso comercial e usos especiais, exceto de grande porte",Indústria náutica,0,0,1
2024,420940,Laguna,3230200,Fabricação de artefatos para pesca e esporte,Indústria náutica,3,7,7
2024,420940,Laguna,5231101,Administração da infraestrutura portuária,Portos e navegação,1,4,1
2024,420940,Laguna,7721700,Aluguel de equipamentos recreativos e esportivos,Comércio e serviços náuticos,0,0,4
2024,420940,Laguna,9319199,Outras atividades esportivas (inclui escolas e clubes náuticos),Comércio e serviços náuticos,0,0,2
2024,420950,Laurentino,7721700,Aluguel de equipamentos recreativos e esportivos,Comércio e serviços náuticos,1,2,1
2024,420970,Lebon Régis,7721700,Aluguel de equipamentos recreativos e esportivos,Comércio e serviços náuticos,0,0,1
2024,420985,Lindóia do Sul,9319199,Outras atividades esportivas (inclui escolas e clubes náuticos),Comércio e serviços náuticos,0,0,1
2024,420990,Lontras,7721700,Aluguel de equipamentos recreativos e esportivos,Comércio e serviços náuticos,0,0,1
2024,420990,Lontras,9319199,Outras atividades esportivas (inclui escolas e clubes náuticos),Comércio e serviços náuticos,0,0,1
2024,421000,Luiz Alves,3317102,Manutenção e reparação de embarcações para esporte e lazer,Indústria náutica,0,0,1
2024,421000,Luiz Alves,7721700,Aluguel de equipamentos recreativos e esportivos,Comércio e serviços náuticos,0,0,1
2024,421000,Luiz Alves,9319199,Outras atividades esportivas (inclui escolas e clubes náuticos),Comércio e serviços náuticos,1,2,2
2024,421003,Luzerna,3230200,Fabricação de artefatos para pesca e esporte,Indústria náutica,0,0,1
2024,421003,Luzerna,9319199,Outras atividades esportivas (inclui escolas e clubes náuticos),Comércio e serviços náuticos,0,0,1
2024,421010,Mafra,3230200,Fabricação de artefatos para pesca e esporte,Indústria náutica,0,0,1
2024,421010,Mafra,9319199,Outras atividades esportivas (inclui escolas e clubes náuticos),Comércio e serviços náuticos,1,4,6
2024,421020,Major Gercino,9319199,Outras atividades esportivas (inclui escolas e clubes náuticos),Comércio e serviços náuticos,0,0,1
2024,421040,Maracajá,0311601,Pesca de peixes em água salgada,Pesca e aquicultura,0,0,4
2024,421050,Maravilha,7721700,Aluguel de equipamentos recreativos e esportivos,Comércio e serviços náuticos,1,1,2
2024,421050,Maravilha,9319199,Outras atividades esportivas (inclui escolas e clubes náuticos),Comércio e serviços náuticos,0,0,2
2024,421060,Massaranduba,1020101,"Preservação de peixes, crustáceos e moluscos",Pesca e aquicultura,1,32,1
2024,421060,Massaranduba,9319199,Outras atividades esportivas (inclui escolas e clubes náuticos),Comércio e serviços náuticos,0,0,5
2024,421080,Meleiro,0311601,Pesca de peixes em água salgada,Pesca e aquicultura,0,0,2
2024,421090,Modelo,9319199,Outras atividades esportivas (inclui escolas e clubes náuticos),Comércio e serviços náuticos,0,0,1
2024,421100,Mondaí,3317101,Manutenção e reparação de embarcações e estruturas flutuantes,Indústria naval,0,0,1
2024,421100,Mondaí,9319199,Outras atividades esportivas (inclui escolas e clubes náuticos),Comércio e serviços náuticos,0,0,8
2024,421120,Morro da Fumaça,0311601,Pesca de peixes em água salgada,Pesca e aquicultura,0,0,5
2024,421120,Morro da Fumaça,9319199,Outras atividades esportivas (inclui escolas e clubes náuticos),Comércio e serviços náuticos,0,0,1
2024,421130,Navegantes,0311601,Pesca de peixes em água salgada,Pesca e aquicultura,59,496,333
2024,421130,Navegantes,0311602,Pesca de crustáceos e moluscos em água salgada,Pesca e aquicultura,1,9,15
2024,421130,Navegantes,0311604,Atividades de apoio à pesca em água salgada,Pesca e aquicultura,3,11,6
2024,421130,Navegantes,1020101,"Preservação de peixes, crustáceos e moluscos",Pesca e aquicultura,12,162,23
2024,421130,Navegantes,1020102,"Fabricação de conservas de peixes, crustáceos e moluscos",Pesca e aquicultura,6,2249,8
2024,421130,Navegantes,3011301,Construção de embarcações de grande porte,Indústria naval,6,1025,7
2024,421130,Navegantes,3011302,"Construção de embarcações para uso comercial e usos especiais, exceto de grande porte",Indústria náutica,4,133,9
2024,421130,Navegantes,3012100,Construção de embarcações para esporte e lazer,Indústria náutica,0,0,3
2024,421130,Navegantes,3317101,Manutenção e reparação de embarcações e estruturas flutuantes,Indústria naval,22,406,30
2024,421130,Navegantes,3317102,Manutenção e reparação de embarcações para esporte e lazer,Indústria náutica,1,2,6
2024,421130,Navegantes,4763605,Comércio varejista de embarcações e outros veículos recreativos,Comércio e serviços náuticos,1,1,1
2024,421130,Navegantes,5099801,Transporte aquaviário para passeios turísticos,Comércio e serviços náuticos,0,0,1
2024,421130,Navegantes,5231101,Administração da infraestrutura portuária,Portos e navegação,0,0,1
2024,421130,Navegantes,5231102,Atividades do operador portuário,Portos e navegação,2,1161,3
2024,421130,Navegantes,5232000,Atividades de agenciamento marítimo,Portos e navegação,4,26,5
2024,421130,Navegantes,5239799,Atividades auxiliares dos transportes aquaviários,Portos e navegação,0,0,1
2024,421130,Navegantes,7719501,"Locação de embarcações sem tripulação, exceto para fins recreativos",Comércio e serviços náuticos,1,1,2
2024,421130,Navegantes,7721700,Aluguel de equipamentos recreativos e esportivos,Comércio e serviços náuticos,1,1,3
2024,421130,Navegantes,9319199,Outras atividades esportivas (inclui escolas e clubes náuticos),Comércio e serviços náuticos,1,20,3
2024,421140,Nova Erechim,9319199,Outras atividades esportivas (inclui escolas e clubes náuticos),Comércio e serviços náuticos,0,0,1
2024,421150,Nova Trento,0311601,Pesca de peixes em água salgada,Pesca e aquicultura,0,0,1
2024,421150,Nova Trento,9319199,Outras atividades esportivas (inclui escolas e clubes náuticos),Comércio e serviços náuticos,1,3,5
2024,421160,Nova Veneza,0311601,Pesca de peixes em água salgada,Pesca e aquicultura,0,0,5
2024,421160,Nova Veneza,9319199,Outras atividades esportivas (inclui escolas e clubes náuticos),Comércio e serviços náuticos,1,1,3
2024,421165,Novo Horizonte,9319199,Outras atividades esportivas (inclui escolas e clubes náuticos),Comércio e serviços náuticos,0,0,1
2024,421170,Orleans,9319199,Outras atividades esportivas (inclui escolas e clubes náuticos),Comércio e serviços náuticos,0,0,1
2024,421180,Ouro,9319199,Outras atividades esportivas (inclui escolas e clubes náuticos),Comércio e serviços náuticos,0,0,3
2024,421187,Paial,9319199,Outras atividades esportivas (inclui escolas e clubes náuticos),Comércio e serviços náuticos,0,0,2
2024,421190,Palhoça,0311601,Pesca de peixes em água salgada,Pesca e aquicultura,0,0,306
2024,421190,Palhoça,0311602,Pesca de crustáceos e moluscos em água salgada,Pesca e aquicultura,0,0,1
2024,421190,Palhoça,0311604,Atividades de apoio à pesca em água salgada,Pesca e aquicultura,0,0,140
2024,421190,Palhoça,0321303,Criação de ostras e mexilhões em água salgada e salobra,Pesca e aquicultura,0,0,2
2024,421190,Palhoça,0321305,Atividades de apoio à aquicultura em água salgada e salobra,Pesca e aquicultura,0,0,2
2024,421190,Palhoça,0321399,Cultivos e semicultivos da aquicultura em água salgada e salobra,Pesca e aquicultura,1,1,1
2024,421190,Palhoça,1020101,"Preservação de peixes, crustáceos e moluscos",Pesca e aquicultura,1,6,1
2024,421190,Palhoça,1020102,"Fabricação de conservas de peixes, crustáceos e moluscos",Pesca e aquicultura,2,30,2
2024,421190,Palhoça,3011302,"Construção de embarcações para uso comercial e usos especiais, exceto de grande porte",Indústria náutica,2,226,3
2024,421190,Palhoça,3012100,Construção de embarcações para esporte e lazer,Indústria náutica,3,572,8
2024,421190,Palhoça,3230200,Fabricação de artefatos para pesca e esporte,Indústria náutica,2,5,3
2024,421190,Palhoça,3317101,Manutenção e reparação de embarcações e estruturas flutuantes,Indústria naval,0,0,1
2024,421190,Palhoça,3317102,Manutenção e reparação de embarcações para esporte e lazer,Indústria náutica,4,11,15
2024,421190,Palhoça,4763605,Comércio varejista de embarcações e outros veículos recreativos,Comércio e serviços náuticos,5,68,9
2024,421190,Palhoça,5030101,Navegação de apoio marítimo,Portos e navegação,0,0,1
2024,421190,Palhoça,5239701,Serviços de praticagem,Portos e navegação,0,0,1
2024,421190,Palhoça,7721700,Aluguel de equipamentos recreativos e esportivos,Comércio e serviços náuticos,4,7,8
2024,421190,Palhoça,9319199,Outras atividades esportivas (inclui escolas e clubes náuticos),Comércio e serviços náuticos,3,12,11
2024,421210,Palmitos,1020101,"Preservação de peixes, crustáceos e moluscos",Pesca e aquicultura,1,1,1
2024,421210,Palmitos,1020102,"Fabricação de conservas de peixes, crustáceos e moluscos",Pesca e aquicultura,0,0,1
2024,421210,Palmitos,5232000,Atividades de agenciamento marítimo,Portos e navegação,0,0,1
2024,421210,Palmitos,9319199,Outras atividades esportivas (inclui escolas e clubes náuticos),Comércio e serviços náuticos,0,0,3
2024,421220,Papanduva,9319199,Outras atividades esportivas (inclui escolas e clubes náuticos),Comércio e serviços náuticos,0,0,1
2024,421225,Passo de Torres,0311601,Pesca de peixes em água salgada,Pesca e aquicultura,0,0,431
2024,421225,Passo de Torres,0311602,Pesca de crustáceos e moluscos em água salgada,Pesca e aquicultura,0,0,1
2024,421225,Passo de Torres,0311604,Atividades de apoio à pesca em água salgada,Pesca e aquicultura,0,0,10
2024,421225,Passo de Torres,3230200,Fabricação de artefatos para pesca e esporte,Indústria náutica,1,1,1
2024,421225,Passo de Torres,3317102,Manutenção e reparação de embarcações para esporte e lazer,Indústria náutica,0,0,1
2024,421230,Paulo Lopes,0311601,Pesca de peixes em água salgada,Pesca e aquicultura,0,0,17
2024,421230,Paulo Lopes,0311602,Pesca de crustáceos e moluscos em água salgada,Pesca e aquicultura,0,0,1
2024,421230,Paulo Lopes,5030101,Navegação de apoio marítimo,Portos e navegação,1,18,1
2024,421250,Penha,0311601,Pesca de peixes em água salgada,Pesca e aquicultura,53,263,566
2024,421250,Penha,0311602,Pesca de crustáceos e moluscos em água salgada,Pesca e aquicultura,5,22,75
2024,421250,Penha,0311604,Atividades de apoio à pesca em água salgada,Pesca e aquicultura,3,35,4
2024,421250,Penha,0321305,Atividades de apoio à aquicultura em água salgada e salobra,Pesca e aquicultura,0,0,2
2024,421250,Penha,0321399,Cultivos e semicultivos da aquicultura em água salgada e salobra,Pesca e aquicultura,1,1,1
2024,421250,Penha,1020101,"Preservação de peixes, crustáceos e moluscos",Pesca e aquicultura,18,284,40
2024,421250,Penha,1020102,"Fabricação de conservas de peixes, crustáceos e moluscos",Pesca e aquicultura,6,124,14
2024,421250,Penha,3011302,"Construção de embarcações para uso comercial e usos especiais, exceto de grande porte",Indústria náutica,1,3,1
2024,421250,Penha,3317101,Manutenção e reparação de embarcações e estruturas flutuantes,Indústria naval,0,0,3
2024,421250,Penha,3317102,Manutenção e reparação de embarcações para esporte e lazer,Indústria náutica,0,0,1
2024,421250,Penha,4329102,Instalação de equipamentos para orientação à navegação,Indústria náutica,0,0,1
2024,421250,Penha,4763605,Comércio varejista de embarcações e outros veículos recreativos,Comércio e serviços náuticos,1,2,1
2024,421250,Penha,5099801,Transporte aquaviário para passeios turísticos,Comércio e serviços náuticos,1,8,2
2024,421250,Penha,7721700,Aluguel de equipamentos recreativos e esportivos,Comércio e serviços náuticos,1,2,2
2024,421250,Penha,9319199,Outras atividades esportivas (inclui escolas e clubes náuticos),Comércio e serviços náuticos,0,0,1
2024,421265,Pescaria Brava,0311601,Pesca de peixes em água salgada,Pesca e aquicultura,0,0,19
2024,421265,Pescaria Brava,0311602,Pesca de crustáceos e moluscos em água salgada,Pesca e aquicultura,0,0,199
2024,421265,Pescaria Brava,0311604,Atividades de apoio à pesca em água salgada,Pesca e aquicultura,0,0,2
2024,421265,Pescaria Brava,1020102,"Fabricação de conservas de peixes, crustáceos e moluscos",Pesca e aquicultura,0,0,1
2024,421280,Balneário Piçarras,0311601,Pesca de peixes em água salgada,Pesca e aquicultura,0,0,54
2024,421280,Balneário Piçarras,0311602,Pesca de crustáceos e moluscos em água salgada,Pesca e aquicultura,0,0,17
2024,421280,Balneário Piçarras,0311604,Atividades de apoio à pesca em água salgada,Pesca e aquicultura,0,0,3
2024,421280,Balneário Piçarras,1020101,"Preservação de peixes, crustáceos e moluscos",Pesca e aquicultura,2,22,4
2024,421280,Balneário Piçarras,1020102,"Fabricação de conservas de peixes, crustáceos e moluscos",Pesca e aquicultura,4,200,4
2024,421280,Balneário Piçarras,3012100,Construção de embarcações para esporte e lazer,Indústria náutica,2,2,2
2024,421280,Balneário Piçarras,3317101,Manutenção e reparação de embarcações e estruturas flutuantes,Indústria naval,0,0,1
2024,421280,Balneário Piçarras,3317102,Manutenção e reparação de embarcações para esporte e lazer,Indústria náutica,0,0,2
2024,421280,Balneário Piçarras,4763605,Comércio varejista de embarcações e outros veículos recreativos,Comércio e serviços náuticos,0,0,1
2024,421280,Balneário Piçarras,5232000,Atividades de agenciamento marítimo,Portos e navegação,0,0,1
2024,421280,Balneário Piçarras,7721700,Aluguel de equipamentos recreativos e esportivos,Comércio e serviços náuticos,0,0,1
2024,421290,Pinhalzinho,3317101,Manutenção e reparação de embarcações e estruturas flutuantes,Indústria naval,1,1,1
2024,421290,Pinhalzinho,4763605,Comércio varejista de embarcações e outros veículos recreativos,Comércio e serviços náuticos,0,0,1
2024,421290,Pinhalzinho,7721700,Aluguel de equipamentos recreativos e esportivos,Comércio e serviços náuticos,0,0,1
2024,421290,Pinhalzinho,9319199,Outras atividades esportivas (inclui escolas e clubes náuticos),Comércio e serviços náuticos,0,0,2
2024,421310,Piratuba,9319199,Outras atividades esportivas (inclui escolas e clubes náuticos),Comércio e serviços náuticos,0,0,1
2024,421320,Pomerode,3230200,Fabricação de artefatos para pesca e esporte,Indústria náutica,2,14,2
2024,421320,Pomerode,7721700,Aluguel de equipamentos recreativos e esportivos,Comércio e serviços náuticos,0,0,2
2024,421320,Pomerode,9319199,Outras atividades esportivas (inclui escolas e clubes náuticos),Comércio e serviços náuticos,0,0,6
2024,421350,Porto Belo,0311601,Pesca de peixes em água salgada,Pesca e aquicultura,50,320,243
2024,421350,Porto Belo,0311602,Pesca de crustáceos e moluscos em água salgada,Pesca e aquicultura,0,0,20
2024,421350,Porto Belo,0311604,Atividades de apoio à pesca em água salgada,Pesca e aquicultura,3,17,4
2024,421350,Porto Belo,1020101,"Preservação de peixes, crustáceos e moluscos",Pesca e aquicultura,2,34,2
2024,421350,Porto Belo,1020102,"Fabricação de conservas de peixes, crustáceos e moluscos",Pesca e aquicultura,2,60,2
2024,421350,Porto Belo,3012100,Construção de embarcações para esporte e lazer,Indústria náutica,3,40,4
2024,421350,Porto Belo,3230200,Fabricação de artefatos para pesca e esporte,Indústria náutica,0,0,1
2024,421350,Porto Belo,3317102,Manutenção e reparação de embarcações para esporte e lazer,Indústria náutica,2,3,10
2024,421350,Porto Belo,4763605,Comércio varejista de embarcações e outros veículos recreativos,Comércio e serviços náuticos,1,1,6
2024,421350,Porto Belo,5099801,Transporte aquaviário para passeios turísticos,Comércio e serviços náuticos,1,17,5
2024,421350,Porto Belo,7719501,"Locação de embarcações sem tripulação, exceto para fins recreativos",Comércio e serviços náuticos,0,0,1
2024,421350,Porto Belo,7721700,Aluguel de equipamentos recreativos e esportivos,Comércio e serviços náuticos,1,2,6
2024,421350,Porto Belo,9319199,Outras atividades esportivas (inclui escolas e clubes náuticos),Comércio e serviços náuticos,0,0,1
2024,421360,Porto União,7721700,Aluguel de equipamentos recreativos e esportivos,Comércio e serviços náuticos,0,0,1
2024,421370,Pouso Redondo,1020101,"Preservação de peixes, crustáceos e moluscos",Pesca e aquicultura,1,1,1
2024,421370,Pouso Redondo,4763605,Comércio varejista de embarcações e outros veículos recreativos,Comércio e serviços náuticos,0,0,1
2024,421370,Pouso Redondo,9319199,Outras atividades esportivas (inclui escolas e clubes náuticos),Comércio e serviços náuticos,0,0,1
2024,421380,Praia Grande,0311601,Pesca de peixes em água salgada,Pesca e aquicultura,0,0,5
2024,421380,Praia Grande,0321305,Atividades de apoio à aquicultura em água salgada e salobra,Pesca e aquicultura,0,0,1
2024,421390,Presidente Castello Branco,1020101,"Preservação de peixes, crustáceos e moluscos",Pesca e aquicultura,0,0,1
2024,421390,Presidente Castello Branco,9319199,Outras atividades esportivas (inclui escolas e clubes náuticos),Comércio e serviços náuticos,0,0,1
2024,421400,Presidente Getúlio,9319199,Outras atividades esportivas (inclui escolas e clubes náuticos),Comércio e serviços náuticos,0,0,2
2024,421415,Princesa,9319199,Outras atividades esportivas (inclui escolas e clubes náuticos),Comércio e serviços náuticos,0,0,2
2024,421420,Quilombo,9319199,Outras atividades esportivas (inclui escolas e clubes náuticos),Comércio e serviços náuticos,0,0,27
2024,421440,Rio das Antas,9319199,Outras atividades esportivas (inclui escolas e clubes náuticos),Comércio e serviços náuticos,1,1,1
2024,421460,Rio do Oeste,1020101,"Preservação de peixes, crustáceos e moluscos",Pesca e aquicultura,0,0,1
2024,421460,Rio do Oeste,3230200,Fabricação de artefatos para pesca e esporte,Indústria náutica,1,1,1
2024,421470,Rio dos Cedros,7721700,Aluguel de equipamentos recreativos e esportivos,Comércio e serviços náuticos,0,0,1
2024,421470,Rio dos Cedros,9319199,Outras atividades esportivas (inclui escolas e clubes náuticos),Comércio e serviços náuticos,0,0,2
2024,421480,Rio do Sul,9319199,Outras atividades esportivas (inclui escolas e clubes náuticos),Comércio e serviços náuticos,1,1,9
2024,421490,Rio Fortuna,1020101,"Preservação de peixes, crustáceos e moluscos",Pesca e aquicultura,1,6,1
2024,421490,Rio Fortuna,9319199,Outras atividades esportivas (inclui escolas e clubes náuticos),Comércio e serviços náuticos,0,0,1
2024,421500,Rio Negrinho,5232000,Atividades de agenciamento marítimo,Portos e navegação,0,0,1
2024,421507,Riqueza,7721700,Aluguel de equipamentos recreativos e esportivos,Comércio e serviços náuticos,0,0,1
2024,421507,Riqueza,9319199,Outras atividades esportivas (inclui escolas e clubes náuticos),Comércio e serviços náuticos,0,0,3
2024,421510,Rodeio,1020101,"Preservação de peixes, crustáceos e moluscos",Pesca e aquicultura,1,2,1
2024,421510,Rodeio,9319199,Outras atividades esportivas (inclui escolas e clubes náuticos),Comércio e serviços náuticos,0,0,1
2024,421520,Romelândia,9319199,Outras atividades esportivas (inclui escolas e clubes náuticos),Comércio e serviços náuticos,0,0,1
2024,421535,Saltinho,7721700,Aluguel de equipamentos recreativos e esportivos,Comércio e serviços náuticos,1,1,1
2024,421540,Salto Veloso,9319199,Outras atividades esportivas (inclui escolas e clubes náuticos),Comércio e serviços náuticos,0,0,5
2024,421545,Sangão,0311601,Pesca de peixes em água salgada,Pesca e aquicultura,0,0,6
2024,421550,Santa Cecília,9319199,Outras atividades esportivas (inclui escolas e clubes náuticos),Comércio e serviços náuticos,0,0,2
2024,421560,Santa Rosa de Lima,9319199,Outras atividades esportivas (inclui escolas e clubes náuticos),Comércio e serviços náuticos,0,0,1
2024,421565,Santa Rosa do Sul,0311601,Pesca de peixes em água salgada,Pesca e aquicultura,0,0,26
2024,421565,Santa Rosa do Sul,0311604,Atividades de apoio à pesca em água salgada,Pesca e aquicultura,0,0,4
2024,421567,Santa Terezinha,9319199,Outras atividades esportivas (inclui escolas e clubes náuticos),Comércio e serviços náuticos,0,0,1
2024,421569,Santiago do Sul,9319199,Outras atividades esportivas (inclui escolas e clubes náuticos),Comércio e serviços náuticos,0,0,4
2024,421570,Santo Amaro da Imperatriz,0311601,Pesca de peixes em água salgada,Pesca e aquicultura,0,0,3
2024,421570,Santo Amaro da Imperatriz,3012100,Construção de embarcações para esporte e lazer,Indústria náutica,1,11,2
2024,421570,Santo Amaro da Imperatriz,9319199,Outras atividades esportivas (inclui escolas e clubes náuticos),Comércio e serviços náuticos,0,0,3
2024,421575,São Bernardino,9319199,Outras atividades esportivas (inclui escolas e clubes náuticos),Comércio e serviços náuticos,0,0,1
2024,421580,São Bento do Sul,4763605,Comércio varejista de embarcações e outros veículos recreativos,Comércio e serviços náuticos,0,0,1
2024,421580,São Bento do Sul,5239799,Atividades auxiliares dos transportes aquaviários,Portos e navegação,0,0,1
2024,421580,São Bento do Sul,7721700,Aluguel de equipamentos recreativos e esportivos,Comércio e serviços náuticos,2,6,6
2024,421580,São Bento do Sul,9319199,Outras atividades esportivas (inclui escolas e clubes náuticos),Comércio e serviços náuticos,0,0,4
2024,421600,São Carlos,1020101,"Preservação de peixes, crustáceos e moluscos",Pesca e aquicultura,0,0,1
2024,421600,São Carlos,9319199,Outras atividades esportivas (inclui escolas e clubes náuticos),Comércio e serviços náuticos,0,0,2
2024,421620,São Francisco do Sul,0311601,Pesca de peixes em água salgada,Pesca e aquicultura,0,0,88
2024,421620,São Francisco do Sul,0311602,Pesca de crustáceos e moluscos em água salgada,Pesca e aquicultura,0,0,213
2024,421620,São Francisco do Sul,0311604,Atividades de apoio à pesca em água salgada,Pesca e aquicultura,0,0,8
2024,421620,São Francisco do Sul,0321301,Criação de peixes em água salgada e salobra,Pesca e aquicultura,0,0,2
2024,421620,São Francisco do Sul,0321302,Criação de camarões em água salgada e salobra,Pesca e aquicultura,1,3,443
2024,421620,São Francisco do Sul,3011301,Construção de embarcações de grande porte,Indústria naval,1,2,1
2024,421620,São Francisco do Sul,3012100,Construção de embarcações para esporte e lazer,Indústria náutica,1,5,2
2024,421620,São Francisco do Sul,3230200,Fabricação de artefatos para pesca e esporte,Indústria náutica,1,20,2
2024,421620,São Francisco do Sul,3317101,Manutenção e reparação de embarcações e estruturas flutuantes,Indústria naval,0,0,2
2024,421620,São Francisco do Sul,3317102,Manutenção e reparação de embarcações para esporte e lazer,Indústria náutica,0,0,1
2024,421620,São Francisco do Sul,5030101,Navegação de apoio marítimo,Portos e navegação,3,52,5
2024,421620,São Francisco do Sul,5030102,Navegação de apoio portuário,Portos e navegação,5,109,6
2024,421620,São Francisco do Sul,5099801,Transporte aquaviário para passeios turísticos,Comércio e serviços náuticos,0,0,1
2024,421620,São Francisco do Sul,5231101,Administração da infraestrutura portuária,Portos e navegação,1,218,3
2024,421620,São Francisco do Sul,5231102,Atividades do operador portuário,Portos e navegação,13,710,21
2024,421620,São Francisco do Sul,5232000,Atividades de agenciamento marítimo,Portos e navegação,17,184,22
2024,421620,São Francisco do Sul,5239701,Serviços de praticagem,Portos e navegação,1,6,2
2024,421620,São Francisco do Sul,5239799,Atividades auxiliares dos transportes aquaviários,Portos e navegação,7,356,14
2024,421620,São Francisco do Sul,7721700,Aluguel de equipamentos recreativos e esportivos,Comércio e serviços náuticos,0,0,2
2024,421620,São Francisco do Sul,9319199,Outras atividades esportivas (inclui escolas e clubes náuticos),Comércio e serviços náuticos,0,0,2
2024,421630,São João Batista,0311601,Pesca de peixes em água salgada,Pesca e aquicultura,0,0,5
2024,421630,São João Batista,3230200,Fabricação de artefatos para pesca e esporte,Indústria náutica,1,4,2
2024,421630,São João Batista,9319199,Outras atividades esportivas (inclui escolas e clubes náuticos),Comércio e serviços náuticos,0,0,3
2024,421635,São João do Itaperiú,0311601,Pesca de peixes em água salgada,Pesca e aquicultura,0,0,2
2024,421640,São João do Sul,0311601,Pesca de peixes em água salgada,Pesca e aquicultura,0,0,83
2024,421640,São João do Sul,0311602,Pesca de crustáceos e moluscos em água salgada,Pesca e aquicultura,0,0,4
2024,421650,São Joaquim,9319199,Outras atividades esportivas (inclui escolas e clubes náuticos),Comércio e serviços náuticos,0,0,4
2024,421660,São José,0311601,Pesca de peixes em água salgada,Pesca e aquicultura,1,20,77
2024,421660,São José,0311604,Atividades de apoio à pesca em água salgada,Pesca e aquicultura,0,0,3
2024,421660,São José,0321303,Criação de ostras e mexilhões em água salgada e salobra,Pesca e aquicultura,0,0,1
2024,421660,São José,0321305,Atividades de apoio à aquicultura em água salgada e salobra,Pesca e aquicultura,0,0,1
2024,421660,São José,3012100,Construção de embarcações para esporte e lazer,Indústria náutica,1,17,4
2024,421660,São José,3230200,Fabricação de artefatos para pesca e esporte,Indústria náutica,5,50,6
2024,421660,São José,3317101,Manutenção e reparação de embarcações e estruturas flutuantes,Indústria naval,1,65,1
2024,421660,São José,3317102,Manutenção e reparação de embarcações para esporte e lazer,Indústria náutica,1,2,5
2024,421660,São José,4763605,Comércio varejista de embarcações e outros veículos recreativos,Comércio e serviços náuticos,7,56,16
2024,421660,São José,5232000,Atividades de agenciamento marítimo,Portos e navegação,0,0,2
2024,421660,São José,7721700,Aluguel de equipamentos recreativos e esportivos,Comércio e serviços náuticos,7,24,16
2024,421660,São José,9319199,Outras atividades esportivas (inclui escolas e clubes náuticos),Comércio e serviços náuticos,0,0,16
2024,421670,São José do Cedro,9319199,Outras atividades esportivas (inclui escolas e clubes náuticos),Comércio e serviços náuticos,0,0,1
2024,421690,São Lourenço do Oeste,9319199,Outras atividades esportivas (inclui escolas e clubes náuticos),Comércio e serviços náuticos,1,6,13
2024,421700,São Ludgero,4329102,Instalação de equipamentos para orientação à navegação,Indústria náutica,0,0,1
2024,421700,São Ludgero,7721700,Aluguel de equipamentos recreativos e esportivos,Comércio e serviços náuticos,0,0,1
2024,421720,São Miguel do Oeste,1020101,"Preservação de peixes, crustáceos e moluscos",Pesca e aquicultura,1,2,1
2024,421720,São Miguel do Oeste,7721700,Aluguel de equipamentos recreativos e esportivos,Comércio e serviços náuticos,1,3,3
2024,421720,São Miguel do Oeste,9319199,Outras atividades esportivas (inclui escolas e clubes náuticos),Comércio e serviços náuticos,1,1,8
2024,421725,São Pedro de Alcântara,9319199,Outras atividades esportivas (inclui escolas e clubes náuticos),Comércio e serviços náuticos,0,0,1
2024,421730,Saudades,9319199,Outras atividades esportivas (inclui escolas e clubes náuticos),Comércio e serviços náuticos,0,0,5
2024,421740,Schroeder,1020102,"Fabricação de conservas de peixes, crustáceos e moluscos",Pesca e aquicultura,1,4,1
2024,421740,Schroeder,9319199,Outras atividades esportivas (inclui escolas e clubes náuticos),Comércio e serviços náuticos,0,0,1
2024,421750,Seara,9319199,Outras atividades esportivas (inclui escolas e clubes náuticos),Comércio e serviços náuticos,0,0,1
2024,421755,Serra Alta,9319199,Outras atividades esportivas (inclui escolas e clubes náuticos),Comércio e serviços náuticos,0,0,2
2024,421760,Siderópolis,0311601,Pesca de peixes em água salgada,Pesca e aquicultura,0,0,1
2024,421770,Sombrio,0311601,Pesca de peixes em água salgada,Pesca e aquicultura,0,0,179
2024,421770,Sombrio,0311604,Atividades de apoio à pesca em água salgada,Pesca e aquicultura,0,0,1
2024,421770,Sombrio,0321302,Criação de camarões em água salgada e salobra,Pesca e aquicultura,0,0,1
2024,421770,Sombrio,0321305,Atividades de apoio à aquicultura em água salgada e salobra,Pesca e aquicultura,0,0,7
2024,421770,Sombrio,7721700,Aluguel de equipamentos recreativos e esportivos,Comércio e serviços náuticos,2,3,2
2024,421770,Sombrio,9319199,Outras atividades esportivas (inclui escolas e clubes náuticos),Comércio e serviços náuticos,0,0,1
2024,421775,Sul Brasil,9319199,Outras atividades esportivas (inclui escolas e clubes náuticos),Comércio e serviços náuticos,0,0,1
2024,421780,Taió,9319199,Outras atividades esportivas (inclui escolas e clubes náuticos),Comércio e serviços náuticos,0,0,1
2024,421795,Tigrinhos,7721700,Aluguel de equipamentos recreativos e esportivos,Comércio e serviços náuticos,0,0,1
2024,421795,Tigrinhos,9319199,Outras atividades esportivas (inclui escolas e clubes náuticos),Comércio e serviços náuticos,0,0,1
2024,421800,Tijucas,0311601,Pesca de peixes em água salgada,Pesca e aquicultura,2,26,130
2024,421800,Tijucas,0311602,Pesca de crustáceos e moluscos em água salgada,Pesca e aquicultura,0,0,1
2024,421800,Tijucas,0321301,Criação de peixes em água salgada e salobra,Pesca e aquicultura,0,0,1
2024,421800,Tijucas,0321305,Atividades de apoio à aquicultura em água salgada e salobra,Pesca e aquicultura,0,0,1
2024,421800,Tijucas,1020101,"Preservação de peixes, crustáceos e moluscos",Pesca e aquicultura,1,5,1
2024,421800,Tijucas,3011302,"Construção de embarcações para uso comercial e usos especiais, exceto de grande porte",Indústria náutica,0,0,2
2024,421800,Tijucas,3012100,Construção de embarcações para esporte e lazer,Indústria náutica,1,3,3
2024,421800,Tijucas,3317102,Manutenção e reparação de embarcações para esporte e lazer,Indústria náutica,0,0,7
2024,421800,Tijucas,4763605,Comércio varejista de embarcações e outros veículos recreativos,Comércio e serviços náuticos,0,0,3
2024,421800,Tijucas,7721700,Aluguel de equipamentos recreativos e esportivos,Comércio e serviços náuticos,2,3,3
2024,421800,Tijucas,9319199,Outras atividades esportivas (inclui escolas e clubes náuticos),Comércio e serviços náuticos,0,0,2
2024,421810,Timbé do Sul,0311601,Pesca de peixes em água salgada,Pesca e aquicultura,0,0,1
2024,421820,Timbó,7721700,Aluguel de equipamentos recreativos e esportivos,Comércio e serviços náuticos,1,1,2
2024,421820,Timbó,9319199,Outras atividades esportivas (inclui escolas e clubes náuticos),Comércio e serviços náuticos,2,4,3
2024,421835,Treviso,1020101,"Preservação de peixes, crustáceos e moluscos",Pesca e aquicultura,1,9,1
2024,421840,Treze de Maio,0311601,Pesca de peixes em água salgada,Pesca e aquicultura,0,0,1
2024,421840,Treze de Maio,9319199,Outras atividades esportivas (inclui escolas e clubes náuticos),Comércio e serviços náuticos,0,0,3
2024,421850,Treze Tílias,9319199,Outras atividades esportivas (inclui escolas e clubes náuticos),Comércio e serviços náuticos,0,0,1
2024,421860,Trombudo Central,9319199,Outras atividades esportivas (inclui escolas e clubes náuticos),Comércio e serviços náuticos,0,0,1
2024,421870,Tubarão,0311601,Pesca de peixes em água salgada,Pesca e aquicultura,0,0,7
2024,421870,Tubarão,0311602,Pesca de crustáceos e moluscos em água salgada,Pesca e aquicultura,0,0,7
2024,421870,Tubarão,0311604,Atividades de apoio à pesca em água salgada,Pesca e aquicultura,0,0,1
2024,421870,Tubarão,4763605,Comércio varejista de embarcações e outros veículos recreativos,Comércio e serviços náuticos,1,4,1
2024,421870,Tubarão,7721700,Aluguel de equipamentos recreativos e esportivos,Comércio e serviços náuticos,2,3,3
2024,421870,Tubarão,9319199,Outras atividades esportivas (inclui escolas e clubes náuticos),Comércio e serviços náuticos,0,0,2
2024,421875,Tunápolis,9319199,Outras atividades esportivas (inclui escolas e clubes náuticos),Comércio e serviços náuticos,0,0,1
2024,421880,Turvo,0311601,Pesca de peixes em água salgada,Pesca e aquicultura,0,0,1
2024,421880,Turvo,1020101,"Preservação de peixes, crustáceos e moluscos",Pesca e aquicultura,0,0,2
2024,421880,Turvo,1020102,"Fabricação de conservas de peixes, crustáceos e moluscos",Pesca e aquicultura,0,0,1
2024,421890,Urubici,1020101,"Preservação de peixes, crustáceos e moluscos",Pesca e aquicultura,1,2,1
2024,421890,Urubici,7721700,Aluguel de equipamentos recreativos e esportivos,Comércio e serviços náuticos,0,0,1
2024,421890,Urubici,9319199,Outras atividades esportivas (inclui escolas e clubes náuticos),Comércio e serviços náuticos,0,0,1
2024,421900,Urussanga,1020101,"Preservação de peixes, crustáceos e moluscos",Pesca e aquicultura,1,37,1
2024,421900,Urussanga,7721700,Aluguel de equipamentos recreativos e esportivos,Comércio e serviços náuticos,0,0,1
2024,421900,Urussanga,9319199,Outras atividades esportivas (inclui escolas e clubes náuticos),Comércio e serviços náuticos,0,0,3
2024,421910,Vargeão,9319199,Outras atividades esportivas (inclui escolas e clubes náuticos),Comércio e serviços náuticos,0,0,1
2024,421920,Vidal Ramos,9319199,Outras atividades esportivas (inclui escolas e clubes náuticos),Comércio e serviços náuticos,0,0,1
2024,421930,Videira,1020101,"Preservação de peixes, crustáceos e moluscos",Pesca e aquicultura,1,2,1
2024,421930,Videira,7721700,Aluguel de equipamentos recreativos e esportivos,Comércio e serviços náuticos,1,1,2
2024,421930,Videira,9319199,Outras atividades esportivas (inclui escolas e clubes náuticos),Comércio e serviços náuticos,0,0,2
2024,421935,Vitor Meireles,1020101,"Preservação de peixes, crustáceos e moluscos",Pesca e aquicultura,1,10,1
2024,421950,Xanxerê,7721700,Aluguel de equipamentos recreativos e esportivos,Comércio e serviços náuticos,0,0,2
2024,421950,Xanxerê,9319199,Outras atividades esportivas (inclui escolas e clubes náuticos),Comércio e serviços náuticos,0,0,6
2024,421960,Xavantina,9319199,Outras atividades esportivas (inclui escolas e clubes náuticos),Comércio e serviços náuticos,0,0,2
2024,422000,Balneário Rincão,0311601,Pesca de peixes em água salgada,Pesca e aquicultura,0,0,1072
2024,422000,Balneário Rincão,0311602,Pesca de crustáceos e moluscos em água salgada,Pesca e aquicultura,0,0,2
