validar (S/N),nome conhecido?,razao_social,nomes fantasia,municipio (matriz),todos os municipios,porte,desde,cnaes principais,cnpj,observacao
,sim,ESTALEIRO DIVERPRO PRODUTOS E SERVICOS NAUTICOS LTDA,ESTALEIRO DIVERPRO,Araquari,Araquari,Empresa de pequeno porte,2022,3012100,48929372000123,
,sim,ESTALEIRO VIK BOATS LTDA,,Araquari,Araquari,Empresa de pequeno porte,2024,3012100,54038222000122,
,sim,OCEANIA BOATS INDUSTRIA DE BARCOS LTDA,OCEANIA BOATS,Araquari,Araquari,Empresa de pequeno porte,2021,3012100,41992986000100,
,sim,DI MONTECHIARI ESTALEIRO LTDA,DM BOAT,Balneario Camboriu,Balneario Camboriu,Demais,2022,3011301,47053398000198,
,sim,KASTIGAR & LENZI YACHTS LTDA,,Balneario De Picarras,Balneario De Picarras,Demais,2004,3012100,06977040000174,
,sim,ESTALEIRO ATLANTICO SUL INDUSTRIA E COMERCIO NAVAL LTDA,,Biguacu,Biguacu,Demais,2026,3012100,66195878000138,
,sim,STAR NAUTICA LTDA,STAR,Biguacu,Biguacu,Empresa de pequeno porte,2019,3012100,33725273000152,
,sim,SUNLINE NAUTICA LTDA,SUNLINE NAUTICA,Biguacu,Biguacu,Microempresa,2007,3012100,09277471000116,
,sim,CONSORCIO ESTALEIRO SCHAEFER YACHTS E SAFEHAVEN MARINE,,Florianopolis,Florianopolis,Demais,2025,3011302,62832355000102,
,sim,ESTALEIRO PELICANNO LTDA,PELICANNO,Florianopolis,Florianopolis,Empresa de pequeno porte,2020,3012100,36201066000197,
,sim,ILHA BOATS INDUSTRIA NAUTICA LTDA.,FS BOATS,Florianopolis,Florianopolis,Empresa de pequeno porte,2006,3012100,07936287000105,
,sim,COLUNNA LTDA,,Governador Celso Ramos,Governador Celso Ramos,Empresa de pequeno porte,2019,3012100,32788634000147,
,sim,AZIMUT DO BRASIL FABRICACAO DE IATES LTDA,,Itajai,Itajai,Demais,2010,3011301,11568948000164,
,sim,C&C EMBARCACOES DE RECREIO LTDA,GRAND OCEAN BOATS,Itajai,Itajai,Demais,2022,3012100,46143692000128,
,sim,CENTURY YACHTS INDUSTRIA NAUTICA LTDA,CENTURY YACHTS,Itajai,Itajai,Demais,2011,3012100,13870389000178,
,sim,DETROIT BRASIL LTDA,EDESA,Itajai,Itajai,Demais,2002,3011301,04988669000194,
,sim,DIANTONIO BOATS LTDA,DIANTONIO BOATS,Itajai,Itajai,Microempresa,2025,3012100,60208409000120,
,sim,ESTALEIRO ASTONDOA DO BRASIL LTDA,ASTONDOA,Itajai,Itajai,Demais,2011,3011301,14557889000117,
,sim,ESTALEIRO FLOAT LIVING LTDA,ESTALEIRO FLOAT LIVING,Itajai,Itajai,Empresa de pequeno porte,2021,3012100,44008165000185,
,sim,ESTALEIRO ITAJAI S/A,,Itajai,Itajai,Demais,1994,3011301,00355092000122,
,sim,F.MARINE INDUSTRIA E COMERCIO DE PRODUTOS NAUTICOS,FIBRAFORT,Itajai,Itajai,Demais,2001,3011302 3012100,04754028000175,
,sim,HBR MARINE SOLUTIONS LTDA,HBR BOATS,Itajai,Itajai,Demais,2023,3012100,50057049000159,
,sim,NHD BOATS CONSTRUCAO DE EMBARCACOES LTDA,,Itajai,Itajai,Demais,2016,3012100,24634381000129,
,sim,OKEAN ESTALEIRO S.A.,,Itajai,Itajai,Demais,2020,3012100,22315531000378,
,sim,SEACAR COMPANY LTDA,SEACAR COMPANY,Itajai,Itajai,Empresa de pequeno porte,2023,3012100,50328906000108,
,sim,WA NHD BOATS LTDA,NHD BOATS,Itajai,"Balneario Camboriu, Itajai",Demais,2024,3012100 4763605,54307472000110,
,sim,ILS - IATES LATITUDE SUL S.A.,ILS - IATES LATITUDE SUL,Joinville,Joinville,Demais,2004,3012100,06336973000182,
,sim,MEGALODON LTDA,MEGALODON,Joinville,Joinville,Microempresa,2026,3012100,67238454000176,
,sim,PIER PRIME INDUSTRIA E ESTALEIROS LTDA,DTX BOATS,Joinville,Joinville,Microempresa,2017,3012100,28572366000154,
,sim,VERMAR INDUSTRIA E COMERCIO LTDA,VERMAR,Joinville,Joinville,Microempresa,2002,3012100,05000312000119,
,sim,ALPHA BOATS LTDA,ALPHA BOATS,Palhoca,Palhoca,Microempresa,2019,3012100,35343916000129,
,sim,BB INDUSTRIA E COMERCIO DE ARTIGOS NAUTICOS LTDA,BRASBOATS,Palhoca,Palhoca,Empresa de pequeno porte,2005,2319200,07750497000104,
,sim,ESTALEIRO SCHAEFER YACHTS S/A,ESTALEIRO SCHAEFER YACHTS / SCHAEFER YACHTS,Palhoca,"Biguacu, Florianopolis, Palhoca",Demais,1999,3012100 3317101,03178348000161,
,sim,INTECH BOATING INDUSTRIA E COMERCIO DE EMBARCACOES S/A,INTECH BOATING,Palhoca,Palhoca,Demais,2000,3011302,03968900000115,
,sim,MAGNUM MARINE INDUSTRIA E COMERCIO DE EMBARCACOES LTDA,MAGNUM MARINE,Palhoca,Palhoca,Microempresa,2011,3012100,13857120000151,
,sim,MASTRO D' ASCIA NAUTICA LTDA,MASTRO D' ASCIA / MASTRO DASCIA,Palhoca,"Palhoca, Sao Jose",Empresa de pequeno porte,2001,3012100,04709201000113,
,sim,POWER DO BRASIL LTDA,POWER BOAT,Palhoca,Palhoca,Empresa de pequeno porte,2012,3012100,15087476000189,
,sim,"YACHT LIFE INDUSTRIA, COMERCIO E SERVICOS NAUTICOS LTDA",YACHT LIFE,Palhoca,Palhoca,Empresa de pequeno porte,2014,3012100,19807286000140,
,sim,OKEAN COMPOSITES INDUSTRIA E COMERCIO DE PECAS E ESTRUTURAS NAUTICAS LTDA,QARIB COMPOSITES,Porto Belo,Porto Belo,Demais,2022,3012100,45208563000108,
,sim,BOATSP EQUIPAMENTOS NAUTICOS LTDA,ARMATTI & FISHING,Sao Jose,Sao Jose,Empresa de pequeno porte,2014,3012100,10233269000252,
,sim,PSX CONSTRUCOES NAVAIS LTDA,PSX CONSTRUCOES NAVAIS,Sao Jose,Sao Jose,Demais,2013,3012100,17988990000110,
,,ULTRA MARINE LTDA,ULTRA MARINE,Araquari,Araquari,Microempresa,2025,3012100,63188819000144,
,,USSV TECNOLOGIA AUTONOMA LTDA,USSV MARINE TECHNOLOGY,Araquari,Araquari,Microempresa,2021,3011302,24217496000207,
,,"BTS INDUSTRIA, COMERCIO E SERVICOS NAUTICOS LTDA",,Balneario Camboriu,Balneario Camboriu,Empresa de pequeno porte,2012,3011302,15065767000176,
,,FIBRAS BIGUACU FABRICACAO E COMERCIO DE EMBARCACOES LTDA,FIBRAS BIGUACU,Biguacu,Biguacu,Demais,2011,3012100,14162300000181,
,,SC FIBRAS E RESINAS LTDA,SC FIBRAS E RESINAS,Biguacu,Biguacu,Microempresa,2008,3012100,09367338000150,
,,KOFFKE MARINE LTDA,,Blumenau,Blumenau,Microempresa,1991,3012100,82977398000185,
,,IBEM FABRICACAO DE EMBARCACOES LTDA,IBEM ESTALEIRO,Bombinhas,Bombinhas,Microempresa,2008,3012100,09436565000190,
,,ESTALEIRO BENAVIDEZ BRASIL INDUSTRIA E COMERCIO DE EMBARCACOES LTDA,,Florianopolis,Florianopolis,Microempresa,2007,3011301,08687153000160,
,,IPC INDUSTRIA E COMERCIO DE EMBARCACOES LTDA,,Florianopolis,Florianopolis,Demais,2017,3012100,29284292000113,
,,MILITARY MARINE SOLUTIONS LTDA,,Florianopolis,Florianopolis,Empresa de pequeno porte,2018,3011302,31163549000120,
,,NAVAL IND. LTDA,,Florianopolis,Florianopolis,Empresa de pequeno porte,2014,3012100,19702321000166,
,,GASPARMAR REPAROS NAVAIS LTDA,MSUL DRAGAS,Gaspar,Gaspar,Empresa de pequeno porte,2015,3011302,23433408000152,
,,MONDINI EQUIPAMENTOS PARA MINERACAO LTDA,,Gaspar,Gaspar,Empresa de pequeno porte,1998,3011302,02742713000156,
,,ESTALEIRO GAMBOA SUL LTDA,ESTALEIRO GAMBOA SUL,Ilhota,Ilhota,Microempresa,2023,3011301,51214544000197,
,,FIBRAMAR LTDA,FIBRAMAR NAUTICA,Ilhota,Ilhota,Microempresa,2026,3012100,66588974000146,
,,TEK FIBRA NAUTICA LTDA,CAR MAR FIBRA NAUTICA,Ilhota,Ilhota,Microempresa,2014,3012100,20837178000107,
,,YHT YACHTS HARD TECHNOLOGY LTDA,YHT YACHTS,Ilhota,Ilhota,Microempresa,2026,3012100,67748861000123,
,,BB CONSTRUCOES DE BARCOS LTDA,BB BARCOS,Imbituba,Imbituba,Demais,1983,3011302,89936850000100,
,,ACOPARTS INDUSTRIA E COMERCIO LTDA,ACOPARTS INDUSTRIA E COMERCIO,Itajai,Itajai,Empresa de pequeno porte,2025,3011302,63334144000102,
,,ANTONIO MARCOS PEREIRA,ITAJAI NAUTICA,Itajai,Itajai,Empresa de pequeno porte,2017,3011302,27256145000104,
,,BEST BOAT MANUTENCAO E REPAROS NAUTICOS LTDA,BEST BOAT,Itajai,Itajai,Empresa de pequeno porte,2024,3012100,57936013000194,
,,ENAV REPARO NAVAL LTDA,,Itajai,Itajai,Empresa de pequeno porte,2017,3011301,27545077000101,
,,ESTALEIRO FELIPE LTDA,,Itajai,Itajai,Microempresa,1979,3011302,83822569000160,
,,ESTALEIRO NAVAL MANOEL ESPOGEIRO LTDA,,Itajai,Itajai,Microempresa,1989,3011301,81316044000127,
,,JATO SOARES LTDA,JATO SOARES,Itajai,Itajai,Empresa de pequeno porte,2024,3011301,55521126000101,
,,MAIOCHI CONSTRUCAO NAVAL E TERRAPLANAGEM LTDA,MAIOCHI CONSTRUCAO NAVAL E TERRAPLANAGEM,Itajai,Itajai,Empresa de pequeno porte,2000,3011302,04182174000173,
,,MAQDIESEL MARINE SC LTDA,MAQDIESEL MARINE SC,Itajai,Itajai,Empresa de pequeno porte,2026,3011301,64734936000129,
,,MARCELA ESTER DOMIGOS LTDA,LEMAM MARINE,Itajai,Itajai,Microempresa,2017,3012100,28316486000190,
,,PASIANI PRESTACAO DE SERVICOS NAVAIS LTDA,PASIANI FIBRAS,Itajai,Itajai,Demais,2020,3012100,38597542000166,
,,RDC ENGENHARIA LTDA,RDC ENGENHARIA,Itajai,Itajai,Demais,1989,3011301,81597106000116,
,,ROMA INDUSTRIA COMERCIO E CONSULTORIA NO SEGMENTO DE PRODUTOS NAUTICOS,,Itajai,Itajai,Demais,2009,3012100,10914874000108,
,,SEDNA GROUP INDUSTRIA NAUTICA LTDA,SEDNA GROUP,Itajai,Itajai,Demais,2018,3011301 3317101,31371084000101,
,,SRJ FIBRAS LTDA,,Itajai,Itajai,Empresa de pequeno porte,2020,3012100,37207936000106,
,,TKMS ESTALEIRO BRASIL SUL LTDA.,THYSSENKRUPP ESTALEIRO BRASIL SUL,Itajai,Itajai,Demais,2020,3011301,37981316000111,
,,ZEMAR ESTALEIRO DO ACO LTDA,ZEMAR ESTALEIRO DO ACO,Itajai,"Itajai, Navegantes",Demais,2002,3011302,05372962000195,
,,ALTANIR GOULARTE LIMITADA,MARINA MARBI,Joinville,Joinville,Empresa de pequeno porte,2024,3012100,56033211000185,
,,AMS SINALIZACAO NAUTICA LTDA,,Joinville,Joinville,Empresa de pequeno porte,2023,3011301,50771552000171,
,,POLYMAR ESTALEIROS LTDA,,Joinville,Joinville,Demais,1966,3011302,61383667000105,
,,PRG MANUTENCOES E SERVICOS NAUTICOS LTDA,AQUAMAR MARINE SERVICE,Joinville,Joinville,Microempresa,1984,3011301,78633955000173,
,,SDN NAUTICA LTDA,SDN NAUTICA,Joinville,Joinville,Demais,2024,3012100,56091487000110,
,,TDX ESTRUTURAS METALICAS E ESTALEIROS LTDA,TDX ESTRUTURAS METALICAS,Joinville,Joinville,Microempresa,2024,3012100,55332025000184,
,,AKRON CONSTRUCAO E REPARO NAVAL E CIVIL LTDA,AKRON CONSTRUCAO E REPARO NAVAL,Navegantes,Navegantes,Empresa de pequeno porte,2022,3011301,44859964000165,
,,ALIANCA S/A - INDUSTRIA NAVAL E EMPRESA DE NAVEGACAO,OCEANA ESTALEIRO,Navegantes,Navegantes,Demais,2018,3011302,33055732000804,
,,ALPHA CONSTRUCOES NAVAIS E APOIO MARITIMO LTDA,ALPHA CONSTRUCOES NAVAIS E APOIO MARITIMO,Navegantes,Navegantes,Empresa de pequeno porte,2012,3011302,16911736000151,
,,CARLOS EDUARDO DE SOUZA SOCIEDADE LTDA,CARLOS EDUARDO DE SOUZA SOCIEDADE LTDA,Navegantes,Navegantes,Empresa de pequeno porte,2023,3011302,49682196000130,
,,CATARINA YACHTS ESTALEIRO NAVAL LTDA.,,Navegantes,Navegantes,Demais,2005,3012100,07280785000142,
,,CHILIBOATS INDUSTRIA E COMERCIO DE EMBARCACOES LTDA,CHILIBOATS,Navegantes,Navegantes,Empresa de pequeno porte,2012,3012100,16908107000172,
,,COELHO SANTOS CONSTRUCAO E REPAROS NAVAIS LTDA,ESTALEIRO DOM OSVALDO,Navegantes,Navegantes,Microempresa,2023,3011301,50626502000109,
,,EDE CASTRO,MHC ESTALEIRO NAVAL,Navegantes,Navegantes,Empresa de pequeno porte,1984,3011301,78525672000108,
,,ENGITA CONSTRUCOES LTDA,,Navegantes,Navegantes,Empresa de pequeno porte,2001,3011301,04292038000136,
,,ESTALEIRO D LEON LTDA,,Navegantes,Navegantes,Microempresa,1985,3011302,78866878000100,
,,ESTALEIRO DOM OSVALDO LTDA,,Navegantes,Navegantes,Microempresa,1980,3011301,75378950000153,
,,ESTALEIRO NAVSHIP LTDA,,Navegantes,Navegantes,Demais,2005,3011301,07171021000119,
,,ESTALEIRO VITORIA LTDA,ESTALEIRO VITORIA,Navegantes,Navegantes,Demais,2025,3011302,62338184000151,
,,INC - INDUSTRIA NAVAL CATARINENSE LTDA,INC - INDUSTRIA NAVAL CATARINENSE,Navegantes,Navegantes,Demais,2018,3011302,29775703000173,
,,MACSUL SERVICOS LTDA,MACSUL SERVICOS,Navegantes,Navegantes,Empresa de pequeno porte,2022,3011302,48778600000101,
,,PJ INDUSTRIA NAVAL LTDA,,Navegantes,Navegantes,Empresa de pequeno porte,2003,3011302,05636503000171,
,,ALEXANDRE MEINECKE,NEO MARINE,Palhoca,Palhoca,Microempresa,2013,3011302,18226772000101,
,,C & J YACHTS - SERVICOS E COMERCIO DE MONTAGEM DE EMBARCACOES NAUTICAS LTDA.,SP PRODUCOES,Palhoca,Palhoca,Microempresa,2004,3012100,06265662000170,
,,RICHARD CESAR GOEDERT,ONIX YACHTS / RICHARD CESAR GOEDERT,Palhoca,"Palhoca, Santo Amaro Da Imperatriz",Microempresa,2009,3012100 8211300,10792549000110,
,,BLACK MARINE EMBARCACOES E EQUIPAMENTOS NAUTICOS LTDA,BLACK MARINE,Penha,Penha,Empresa de pequeno porte,2018,3011302,31412230000191,
,,TMG INTERNATIONAL LTDA,,Rio Negrinho,Rio Negrinho,Demais,2026,3012100,53382794000323,
,,CMO CONSTRUCAO E MONTAGEM OFFSHORE S.A.,,Sao Francisco Do Sul,Sao Francisco Do Sul,Demais,2014,3011301,13877424000342,
,,LF YACHTS FABRICACAO LTDA,LF YACHTS,Sao Francisco Do Sul,Sao Francisco Do Sul,Microempresa,2019,3012100,32700417000153,
,,AQUA BOATS LTDA,,Sao Jose,Sao Jose,Microempresa,2025,3012100,64067761000143,
,,POWER NAUTICA REVERSORES COMERCIO E SERVICOS LTDA,MMW REVERSORES,Sao Jose,Sao Jose,Empresa de pequeno porte,2014,3012100,21212831000105,
,,ATLANTIK OZEAN YACHT DO BRASIL LTDA,ATLANTIK OZEAN YACHT,Tijucas,Tijucas,Demais,2023,3011302,50692412000108,
,,CANADIAN DESIGN DO BRASIL LTDA,CANADIAN KANGAROO,Tijucas,Tijucas,Demais,2023,3011302,50314342000154,
,,TERCIO LUIZ DUARTE DA SILVA EQUIPAMENTOS,YAMADEPOT EQUIPAMENTOS,Tijucas,Tijucas,Empresa de pequeno porte,2020,3012100,37157528000189,
