flow,year,monthNumber,state,uf,metricFOB,metricKG,metricStatistic
export,2025,08,Santa Catarina,SC,7761247,110355,
export,2025,07,Santa Catarina,SC,5183658,117499,
export,2025,03,Santa Catarina,SC,4888996,89714,
export,2025,05,Santa Catarina,SC,3814524,66756,
export,2025,11,Santa Catarina,SC,3740351,80740,
export,2025,10,Santa Catarina,SC,2603686,47175,
export,2025,04,Santa Catarina,SC,2502573,54723,
export,2025,12,Santa Catarina,SC,2356017,42615,
export,2025,01,Santa Catarina,SC,1792284,44414,
export,2025,05,São Paulo,SP,1356252,19692,
export,2025,03,Pernambuco,PE,1048111,36550,
export,2025,06,Santa Catarina,SC,1044902,20750,
export,2025,10,Pernambuco,PE,1042744,28600,
export,2025,02,Santa Catarina,SC,1024132,24858,
export,2025,07,São Paulo,SP,1012183,15667,
export,2025,12,Paraná,PR,948980,26849,
export,2025,05,Paraná,PR,875160,28541,
export,2025,09,Santa Catarina,SC,868395,20250,
export,2025,08,Paraná,PR,860022,36756,
export,2025,05,Pernambuco,PE,832656,26050,
export,2025,06,Pernambuco,PE,814796,21500,
export,2025,03,Não Declarada,ND,784816,5150,
export,2025,07,Pernambuco,PE,761005,22150,
export,2025,06,São Paulo,SP,750945,10100,
export,2025,09,Paraná,PR,640913,28520,
export,2025,02,Rio de Janeiro,RJ,593378,10500,
export,2025,01,Pernambuco,PE,550115,13000,
export,2025,12,São Paulo,SP,501151,9452,
export,2025,09,São Paulo,SP,493280,13450,
export,2025,02,Paraná,PR,429638,17196,
export,2025,12,Pernambuco,PE,425102,16000,
export,2025,01,Rio Grande do Sul,RS,424191,17700,
export,2025,03,Paraná,PR,372229,15778,
export,2025,04,São Paulo,SP,365975,4830,
export,2025,11,Pernambuco,PE,335770,10200,
export,2025,04,Pernambuco,PE,310712,9650,
export,2025,11,Minas Gerais,MG,255230,9585,
export,2025,04,Paraná,PR,251295,8026,
export,2025,07,Paraná,PR,242711,8021,
export,2025,02,Rio Grande do Sul,RS,202551,8400,
export,2025,10,Minas Gerais,MG,166098,5712,
export,2025,05,Minas Gerais,MG,120256,4245,
export,2025,01,São Paulo,SP,115606,4020,
export,2025,03,São Paulo,SP,93714,4624,
export,2025,08,São Paulo,SP,83758,5700,
export,2025,01,Paraná,PR,81180,3276,
export,2025,08,Minas Gerais,MG,80067,2635,
export,2025,12,Amazonas,AM,72037,4189,
export,2025,06,Rio de Janeiro,RJ,61853,88,
export,2025,02,Pernambuco,PE,58550,3800,
export,2025,10,Rio de Janeiro,RJ,44755,2110,
export,2025,02,São Paulo,SP,44727,1500,
export,2025,04,Amazonas,AM,36302,2090,
export,2025,07,Não Declarada,ND,36132,708,
export,2025,08,Amazonas,AM,36025,1890,
export,2025,10,São Paulo,SP,35473,3218,
export,2025,02,Minas Gerais,MG,31406,1565,
export,2025,09,Rio de Janeiro,RJ,30655,18,
export,2025,07,Amazonas,AM,30419,3045,
export,2025,06,Paraná,PR,30096,1617,
export,2025,11,Paraná,PR,25889,1857,
export,2025,09,Amazonas,AM,24090,1750,
export,2025,06,Amazonas,AM,22128,2140,
export,2025,06,Minas Gerais,MG,16200,795,
export,2025,01,Amazonas,AM,15687,1450,
export,2025,06,Roraima,RR,13577,1085,
export,2025,10,Amazonas,AM,12500,1200,
export,2025,03,Amazonas,AM,11952,1200,
export,2025,11,Amazonas,AM,10808,1090,
export,2025,07,Roraima,RR,10044,1150,
export,2025,11,Mato Grosso,MT,9533,530,
export,2025,05,Amazonas,AM,8923,1310,
export,2025,12,Roraima,RR,8612,1440,
export,2025,06,Rio Grande do Sul,RS,7055,350,
export,2025,02,Amazonas,AM,6876,680,
export,2025,12,Rondônia,RO,6857,96,
export,2025,05,Rio de Janeiro,RJ,6592,319,
export,2025,11,Não Declarada,ND,5588,800,
export,2025,03,Roraima,RR,5005,695,
export,2025,09,Mato Grosso do Sul,MS,4598,327,
export,2025,06,Rondônia,RO,3921,1050,
export,2025,09,Rondônia,RO,3808,450,
export,2025,10,Paraná,PR,3301,364,
export,2025,07,Mato Grosso do Sul,MS,2753,330,
export,2025,04,Roraima,RR,2548,270,
export,2025,11,Amapá,AP,1702,500,
export,2025,07,Rondônia,RO,1256,150,
export,2025,12,Amapá,AP,753,500,
export,2025,02,Amapá,AP,50,36,
export,2025,09,Espírito Santo,ES,0,0,
export,2026,05,Santa Catarina,SC,6255021,118053,
export,2026,03,Santa Catarina,SC,4442948,79854,
export,2026,07,Santa Catarina,SC,3460886,67486,
export,2026,08,Santa Catarina,SC,2305623,29900,
export,2026,01,Santa Catarina,SC,1382961,34985,
export,2026,04,Santa Catarina,SC,1306694,28800,
export,2026,04,São Paulo,SP,1229296,32500,
export,2026,06,Paraná,PR,890000,26500,
export,2026,08,Paraná,PR,841225,23688,
export,2026,02,Santa Catarina,SC,830162,14737,
export,2026,06,Santa Catarina,SC,794396,13857,
export,2026,05,Paraná,PR,594365,20380,
export,2026,01,Paraná,PR,593721,15600,
export,2026,06,Pernambuco,PE,534157,14050,
export,2026,04,Pernambuco,PE,533795,15700,
export,2026,07,Paraná,PR,511228,13056,
export,2026,05,São Paulo,SP,502060,10142,
export,2026,04,Paraná,PR,480200,14320,
export,2026,03,Pernambuco,PE,400070,10750,
export,2026,05,Pernambuco,PE,395100,11500,
export,2026,01,Pernambuco,PE,367027,12050,
export,2026,02,Pernambuco,PE,344545,11000,
export,2026,03,São Paulo,SP,330584,7030,
export,2026,07,Minas Gerais,MG,246658,6770,
export,2026,07,Pernambuco,PE,205489,5500,
export,2026,03,Minas Gerais,MG,187612,8786,
export,2026,01,São Paulo,SP,143354,4568,
export,2026,05,Minas Gerais,MG,117205,3450,
export,2026,07,Amazonas,AM,52907,4718,
export,2026,08,São Paulo,SP,42960,3537,
export,2026,02,Amazonas,AM,34145,700,
export,2026,08,Amazonas,AM,30246,2740,
export,2026,06,Amazonas,AM,25995,2090,
export,2026,03,Amazonas,AM,17072,1470,
export,2026,01,Amazonas,AM,16783,1857,
export,2026,02,Rio de Janeiro,RJ,15350,759,
export,2026,05,Amazonas,AM,12353,1140,
export,2026,05,Amapá,AP,11666,1190,
export,2026,04,Amazonas,AM,10753,1090,
export,2026,08,Não Declarada,ND,10044,54,
export,2026,02,São Paulo,SP,9977,524,
export,2026,07,Rondônia,RO,9451,1050,
export,2026,05,Rondônia,RO,7601,450,
export,2026,05,Mato Grosso do Sul,MS,6276,180,
export,2026,08,Rondônia,RO,5082,300,
export,2026,06,São Paulo,SP,3871,144,
export,2026,02,Amapá,AP,3849,900,
export,2026,03,Amapá,AP,3335,810,
export,2026,07,Roraima,RR,2894,150,
export,2026,03,Roraima,RR,2062,160,
export,2026,07,São Paulo,SP,1266,42,
export,2026,03,Paraná,PR,580,33,
export,2026,08,Rio de Janeiro,RJ,497,60,
import,2025,12,Santa Catarina,SC,19884953,747512,
import,2025,10,Santa Catarina,SC,16046050,632877,
import,2025,04,Santa Catarina,SC,15610892,516016,
import,2025,08,Santa Catarina,SC,11383906,515677,
import,2025,01,Santa Catarina,SC,11154624,427272,
import,2025,11,Santa Catarina,SC,10221229,365138,
import,2025,06,Santa Catarina,SC,9533851,362735,
import,2025,05,Santa Catarina,SC,8248149,298423,
import,2025,02,Santa Catarina,SC,5178760,171889,
import,2025,09,Santa Catarina,SC,4967175,232536,
import,2025,03,Santa Catarina,SC,4093330,174312,
import,2025,06,Amapá,AP,3499541,49000,
import,2025,07,Santa Catarina,SC,2020205,88046,
import,2025,09,Amapá,AP,1541682,20400,
import,2025,12,Amapá,AP,1299888,17200,
import,2025,03,Amapá,AP,1015667,13000,
import,2025,12,Paraná,PR,897172,20700,
import,2025,04,Rio de Janeiro,RJ,731239,14544,
import,2025,04,Amapá,AP,646657,17497,
import,2025,08,Amapá,AP,624661,12961,
import,2025,12,Bahia,BA,501895,14930,
import,2025,08,Rio de Janeiro,RJ,495724,2577,
import,2025,02,Amapá,AP,290628,2781,
import,2025,12,Minas Gerais,MG,287216,6062,
import,2025,10,São Paulo,SP,265861,37243,
import,2025,01,Amapá,AP,239847,6168,
import,2025,10,Amapá,AP,227346,3188,
import,2025,01,Paraná,PR,204622,10211,
import,2025,11,Alagoas,AL,201525,4522,
import,2025,01,Alagoas,AL,184740,4316,
import,2025,01,Paraíba,PB,175820,5058,
import,2025,02,Paraíba,PB,161988,5496,
import,2025,10,Paraná,PR,157593,3254,
import,2025,03,Alagoas,AL,155350,4599,
import,2025,09,Amazonas,AM,141106,4539,
import,2025,12,Rio de Janeiro,RJ,103348,3275,
import,2025,08,Paraná,PR,103021,2676,
import,2025,07,São Paulo,SP,84986,5000,
import,2025,06,Minas Gerais,MG,84940,5246,
import,2025,12,Alagoas,AL,81808,1615,
import,2025,09,Alagoas,AL,65500,1520,
import,2025,07,Alagoas,AL,62240,1470,
import,2025,02,Alagoas,AL,56740,1412,
import,2025,06,São Paulo,SP,53305,5010,
import,2025,04,Alagoas,AL,45455,340,
import,2025,09,São Paulo,SP,44984,3255,
import,2025,05,Amapá,AP,39714,501,
import,2025,09,Minas Gerais,MG,39662,10978,
import,2025,07,Amapá,AP,39568,461,
import,2025,11,Espírito Santo,ES,33990,204,
import,2025,11,São Paulo,SP,32298,3607,
import,2025,07,Minas Gerais,MG,30873,8553,
import,2025,10,Goiás,GO,29972,994,
import,2025,10,Minas Gerais,MG,25538,6662,
import,2025,01,São Paulo,SP,24336,1399,
import,2025,02,São Paulo,SP,22061,1205,
import,2025,08,Minas Gerais,MG,21349,7913,
import,2025,09,Rio Grande do Sul,RS,20059,177,
import,2025,03,São Paulo,SP,13682,1573,
import,2025,01,Rio de Janeiro,RJ,11452,2082,
import,2025,02,Roraima,RR,9939,109,
import,2025,04,Rio Grande do Sul,RS,9654,140,
import,2025,10,Rondônia,RO,9606,1501,
import,2025,05,São Paulo,SP,7362,1004,
import,2025,04,Espírito Santo,ES,7055,888,
import,2025,06,Bahia,BA,7041,24,
import,2025,11,Amazonas,AM,6840,740,
import,2025,12,São Paulo,SP,5775,616,
import,2025,12,Pernambuco,PE,5000,874,
import,2025,07,Rio Grande do Sul,RS,2815,67,
import,2025,02,Minas Gerais,MG,2417,896,
import,2025,12,Rondônia,RO,1882,724,
import,2025,11,Rio de Janeiro,RJ,1674,230,
import,2025,04,São Paulo,SP,1280,161,
import,2025,07,Ceará,CE,924,330,
import,2025,07,Paraná,PR,802,24,
import,2025,08,São Paulo,SP,698,110,
import,2025,06,Espírito Santo,ES,558,39,
import,2025,03,Rio de Janeiro,RJ,108,17,
import,2025,05,Paraná,PR,51,53,
import,2026,01,Santa Catarina,SC,17695983,747163,
import,2026,04,Santa Catarina,SC,14110391,597646,
import,2026,06,Santa Catarina,SC,12268138,514291,
import,2026,07,Santa Catarina,SC,10223213,438821,
import,2026,03,Santa Catarina,SC,6849336,282666,
import,2026,03,Amapá,AP,5500000,102,
import,2026,05,Santa Catarina,SC,4921257,190600,
import,2026,02,Santa Catarina,SC,4657326,211147,
import,2026,02,Amapá,AP,2758089,52773,
import,2026,08,Santa Catarina,SC,2217678,76483,
import,2026,02,Bahia,BA,1574941,26680,
import,2026,08,Bahia,BA,1261983,18175,
import,2026,01,Amapá,AP,1114741,20965,
import,2026,07,Paraná,PR,1108423,25614,
import,2026,01,Bahia,BA,798947,13090,
import,2026,07,Amazonas,AM,568357,7800,
import,2026,06,Amazonas,AM,474786,8205,
import,2026,07,Minas Gerais,MG,385182,14048,
import,2026,04,Amapá,AP,301898,4608,
import,2026,04,Amazonas,AM,282681,4772,
import,2026,04,Minas Gerais,MG,241856,9613,
import,2026,03,Rio de Janeiro,RJ,219068,1474,
import,2026,06,Paraíba,PB,212650,4572,
import,2026,03,Paraíba,PB,206494,4572,
import,2026,06,Rio de Janeiro,RJ,197462,1642,
import,2026,04,Paraná,PR,190882,4309,
import,2026,05,Minas Gerais,MG,158818,4692,
import,2026,08,Paraná,PR,152273,2817,
import,2026,06,Amapá,AP,117553,2588,
import,2026,04,São Paulo,SP,91661,1585,
import,2026,06,São Paulo,SP,87662,16165,
import,2026,05,São Paulo,SP,86403,1485,
import,2026,03,Minas Gerais,MG,74939,15958,
import,2026,07,Rio de Janeiro,RJ,74835,2588,
import,2026,03,Alagoas,AL,63800,1484,
import,2026,03,São Paulo,SP,61242,2598,
import,2026,07,Amapá,AP,60636,152,
import,2026,01,Minas Gerais,MG,47980,11417,
import,2026,06,Alagoas,AL,44383,239,
import,2026,04,Rondônia,RO,41690,673,
import,2026,06,Minas Gerais,MG,36954,7532,
import,2026,07,Rio Grande do Sul,RS,35133,417,
import,2026,04,Alagoas,AL,31465,1126,
import,2026,08,Minas Gerais,MG,28412,9693,
import,2026,02,Minas Gerais,MG,19593,3882,
import,2026,02,Rio de Janeiro,RJ,19517,12,
import,2026,07,São Paulo,SP,18235,651,
import,2026,02,São Paulo,SP,17588,1800,
import,2026,08,Pará,PA,16014,37,
import,2026,01,São Paulo,SP,14952,2655,
import,2026,03,Mato Grosso do Sul,MS,11995,306,
import,2026,01,Paraíba,PB,9480,1274,
import,2026,01,Rio de Janeiro,RJ,9321,84,
import,2026,02,Paraná,PR,6626,767,
import,2026,01,Rio Grande do Sul,RS,3162,404,
import,2026,05,Paraná,PR,2900,300,
import,2026,08,São Paulo,SP,2783,339,
import,2026,03,Rondônia,RO,2097,777,
import,2026,06,Paraná,PR,1804,25,
import,2026,02,Alagoas,AL,1464,410,
import,2026,04,Roraima,RR,1354,134,
import,2026,01,Rondônia,RO,1023,378,
import,2026,01,Alagoas,AL,1013,162,
import,2026,06,Rondônia,RO,988,366,
import,2026,02,Rondônia,RO,816,302,
import,2026,01,Paraná,PR,760,65,
import,2026,08,Alagoas,AL,750,443,
import,2026,07,Alagoas,AL,660,264,
import,2026,03,Amazonas,AM,434,300,
