flow,year,state,uf,metricFOB,metricKG,metricStatistic
export,2026,Santa Catarina,SC,20778691,387672,
export,2026,Paraná,PR,3911319,113577,
export,2026,Pernambuco,PE,2780183,80550,
export,2026,São Paulo,SP,2263368,58487,
export,2026,Minas Gerais,MG,551475,19006,
export,2026,Amazonas,AM,200254,15805,
export,2026,Rondônia,RO,22134,1800,
export,2026,Amapá,AP,18850,2900,
export,2026,Rio de Janeiro,RJ,15847,819,
export,2026,Não Declarada,ND,10044,54,
export,2026,Mato Grosso do Sul,MS,6276,180,
export,2026,Roraima,RR,4956,310,
export,2025,Santa Catarina,SC,37580765,719849,
export,2025,Pernambuco,PE,6179561,187500,
export,2025,São Paulo,SP,4853064,92253,
export,2025,Paraná,PR,4761414,176801,
export,2025,Não Declarada,ND,826536,6658,
export,2025,Rio de Janeiro,RJ,737233,13035,
export,2025,Minas Gerais,MG,669257,24537,
export,2025,Rio Grande do Sul,RS,633797,26450,
export,2025,Amazonas,AM,287747,22034,
export,2025,Roraima,RR,39786,4640,
export,2025,Rondônia,RO,15842,1746,
export,2025,Mato Grosso,MT,9533,530,
export,2025,Mato Grosso do Sul,MS,7351,657,
export,2025,Amapá,AP,2505,1036,
export,2025,Espírito Santo,ES,0,0,
export,2024,Santa Catarina,SC,49979954,997245,
export,2024,Pernambuco,PE,7563830,253200,
export,2024,Paraná,PR,6412775,191479,
export,2024,São Paulo,SP,2077559,49326,
export,2024,Minas Gerais,MG,1278995,45179,
export,2024,Rio de Janeiro,RJ,346677,5297,
export,2024,Amazonas,AM,116046,12090,
export,2024,Rio Grande do Sul,RS,25408,1395,
export,2024,Roraima,RR,24166,3955,
export,2024,Espírito Santo,ES,22940,502,
export,2024,Amapá,AP,14774,1053,
export,2024,Mato Grosso do Sul,MS,13016,874,
export,2024,Bahia,BA,7333,530,
export,2024,Não Declarada,ND,4000,18,
export,2024,Rondônia,RO,3485,440,
export,2023,Santa Catarina,SC,54491415,1155048,
export,2023,Pernambuco,PE,6691253,164600,
export,2023,Paraná,PR,3363109,92888,
export,2023,São Paulo,SP,1535317,49300,
export,2023,Minas Gerais,MG,1111334,35512,
export,2023,Rio de Janeiro,RJ,630576,12909,
export,2023,Amazonas,AM,107059,12008,
export,2023,Não Declarada,ND,61001,13076,
export,2023,Amapá,AP,35788,4784,
export,2023,Rio Grande do Sul,RS,27429,1474,
export,2023,Espírito Santo,ES,25200,216,
export,2023,Bahia,BA,9557,606,
export,2023,Mato Grosso do Sul,MS,8563,375,
export,2023,Rondônia,RO,2753,240,
export,2023,Roraima,RR,769,100,
export,2022,Santa Catarina,SC,52855814,1284770,
export,2022,Pernambuco,PE,2381209,76350,
export,2022,São Paulo,SP,958834,41343,
export,2022,Paraná,PR,525837,20880,
export,2022,Rio de Janeiro,RJ,339714,3483,
export,2022,Amazonas,AM,138074,14728,
export,2022,Rio Grande do Sul,RS,65973,3910,
export,2022,Minas Gerais,MG,52953,2356,
export,2022,Amapá,AP,24358,3892,
export,2022,Roraima,RR,8667,90160,
export,2022,Mato Grosso do Sul,MS,3383,176,
export,2021,Santa Catarina,SC,24892803,664354,
export,2021,Pernambuco,PE,1740639,87720,
export,2021,São Paulo,SP,1382179,64223,
export,2021,Minas Gerais,MG,566873,25335,
export,2021,Rio de Janeiro,RJ,491992,6608,
export,2021,Paraná,PR,317295,24054,
export,2021,Rio Grande do Sul,RS,271705,19029,
export,2021,Alagoas,AL,95000,6300,
export,2021,Amazonas,AM,60922,3535,
export,2021,Amapá,AP,43639,6686,
export,2021,Roraima,RR,26944,3555,
export,2021,Rondônia,RO,4684,1200,
export,2021,Ceará,CE,2338,117,
export,2021,Espírito Santo,ES,44,1,
export,2020,Santa Catarina,SC,10175728,283052,
export,2020,São Paulo,SP,6414100,119735,
export,2020,Pernambuco,PE,920500,45000,
export,2020,Rio de Janeiro,RJ,267166,546,
export,2020,Paraná,PR,161773,11215,
export,2020,Minas Gerais,MG,116175,7725,
export,2020,Amapá,AP,64511,6959,
export,2020,Amazonas,AM,17603,995,
export,2020,Rio Grande do Sul,RS,11894,1845,
export,2020,Espírito Santo,ES,8142,404,
export,2020,Roraima,RR,996,80,
export,2019,Santa Catarina,SC,14721142,359560,
export,2019,São Paulo,SP,6461208,134322,
export,2019,Minas Gerais,MG,1258190,61461,
export,2019,Rio de Janeiro,RJ,506048,1103,
export,2019,Amapá,AP,263656,19495,
export,2019,Pernambuco,PE,215600,9800,
export,2019,Rio Grande do Sul,RS,79219,8247,
export,2019,Paraná,PR,35560,3865,
export,2019,Roraima,RR,7723,380,
export,2019,Amazonas,AM,7045,750,
export,2019,Goiás,GO,5400,34,
export,2019,Pará,PA,108,131,
export,2018,Santa Catarina,SC,13330576,324488,
export,2018,São Paulo,SP,4477355,95261,
export,2018,Rio de Janeiro,RJ,484031,8430,
export,2018,Rio Grande do Sul,RS,463675,14050,
export,2018,Paraná,PR,85329,8023,
export,2018,Amazonas,AM,79588,5335,
export,2018,Minas Gerais,MG,71880,10728,
export,2018,Alagoas,AL,44345,3460,
export,2018,Pernambuco,PE,41378,4900,
export,2018,Não Declarada,ND,12019,90,
export,2018,Rondônia,RO,1686,140,
export,2017,Santa Catarina,SC,14307071,399857,
export,2017,Rio de Janeiro,RJ,1547091,54870,
export,2017,São Paulo,SP,1483992,55306,
export,2017,Alagoas,AL,838000,30000,
export,2017,Não Declarada,ND,335578,3288,
export,2017,Pernambuco,PE,155194,7500,
export,2017,Paraná,PR,141126,14904,
export,2017,Amazonas,AM,128201,8980,
export,2017,Rio Grande do Sul,RS,47346,2725,
export,2017,Minas Gerais,MG,30380,1690,
export,2017,Mato Grosso do Sul,MS,6423,945,
export,2016,Santa Catarina,SC,14013193,360624,
export,2016,Não Declarada,ND,2840356,93831,
export,2016,São Paulo,SP,1881447,67948,
export,2016,Reexportação,RE,1528550,57124,
export,2016,Rio de Janeiro,RJ,1493354,107920,
export,2016,Mercadoria Nacionalizada,MN,1214973,19029,
export,2016,Alagoas,AL,608273,30000,
export,2016,Paraná,PR,107120,11739,
export,2016,Pernambuco,PE,50000,3300,
export,2016,Amazonas,AM,34226,2700,
export,2016,Minas Gerais,MG,24830,1530,
export,2016,Acre,AC,12543,584,
export,2016,Rondônia,RO,9042,400,
export,2016,Mato Grosso do Sul,MS,2195,200,
export,2016,Rio Grande do Sul,RS,527,85,
export,2015,Santa Catarina,SC,3468499,83933,
export,2015,Mercadoria Nacionalizada,MN,2400562,60947,
export,2015,São Paulo,SP,2286066,49535,
export,2015,Rio de Janeiro,RJ,877767,22875,
export,2015,Não Declarada,ND,173283,515,
export,2015,Paraná,PR,15805,1327,
export,2015,Reexportação,RE,11000,20,
export,2015,Mato Grosso do Sul,MS,3911,270,
export,2015,Pernambuco,PE,2705,150,
export,2015,Rondônia,RO,2664,100,
export,2015,Rio Grande do Sul,RS,1527,120,
export,2014,Rio de Janeiro,RJ,1001895,28284,
export,2014,Santa Catarina,SC,345055,12370,
export,2014,São Paulo,SP,271142,10388,
export,2014,Mercadoria Nacionalizada,MN,193672,635,
export,2014,Paraná,PR,182507,7660,
export,2014,Não Declarada,ND,49800,90,
export,2014,Minas Gerais,MG,26652,1065,
export,2014,Mato Grosso do Sul,MS,10261,960,
export,2014,Zona Não Declarada,ZN,6534,490,
export,2014,Bahia,BA,5634,138,
export,2014,Amazonas,AM,489,40,
export,2014,Rio Grande do Sul,RS,478,29,
export,2013,São Paulo,SP,630174,23111,
export,2013,Mercadoria Nacionalizada,MN,455006,880,
export,2013,Santa Catarina,SC,370107,19543,
export,2013,Rio de Janeiro,RJ,362059,5664,
export,2013,Não Declarada,ND,73575,2045,
export,2013,Minas Gerais,MG,51546,4212,
export,2013,Zona Não Declarada,ZN,18629,811,
export,2013,Paraná,PR,15585,744,
export,2013,Pará,PA,1852,1085,
export,2013,Rio Grande do Sul,RS,240,38,
export,2012,Ceará,CE,7050000,329940,
export,2012,Mercadoria Nacionalizada,MN,448263,1597,
export,2012,São Paulo,SP,241358,12414,
export,2012,Santa Catarina,SC,147950,8523,
export,2012,Paraná,PR,62336,3525,
export,2012,Minas Gerais,MG,11729,1400,
export,2012,Zona Não Declarada,ZN,4982,83,
export,2012,Rio Grande do Sul,RS,1574,90,
export,2011,Santa Catarina,SC,557841,31118,
export,2011,Mercadoria Nacionalizada,MN,292357,1133,
export,2011,São Paulo,SP,151337,8165,
export,2011,Pernambuco,PE,70000,3000,
export,2011,Reexportação,RE,58017,141,
export,2011,Não Declarada,ND,53964,402,
export,2011,Paraná,PR,35121,1673,
export,2011,Zona Não Declarada,ZN,18760,185,
export,2010,São Paulo,SP,10908296,129084,
export,2010,Rio de Janeiro,RJ,10549950,127590,
export,2010,Ceará,CE,5134600,139000,
export,2010,Santa Catarina,SC,1566603,115893,
export,2010,Mercadoria Nacionalizada,MN,200293,673,
export,2010,Paraíba,PB,82318,5500,
export,2010,Alagoas,AL,69614,2500,
export,2010,Paraná,PR,58394,2881,
export,2010,Pernambuco,PE,39687,4315,
export,2010,Reexportação,RE,17038,75,
export,2010,Zona Não Declarada,ZN,13315,180,
export,2010,Rio Grande do Sul,RS,2262,363,
export,2010,Não Declarada,ND,1223,63,
export,2010,Acre,AC,637,35,
import,2026,Santa Catarina,SC,72943322,3058817,
import,2026,Amapá,AP,9852917,81188,
import,2026,Bahia,BA,3635871,57945,
import,2026,Paraná,PR,1463668,33897,
import,2026,Amazonas,AM,1326258,21077,
import,2026,Minas Gerais,MG,993734,76835,
import,2026,Rio de Janeiro,RJ,520203,5800,
import,2026,Paraíba,PB,428624,10418,
import,2026,São Paulo,SP,380526,27278,
import,2026,Alagoas,AL,143535,4128,
import,2026,Rondônia,RO,46614,2496,
import,2026,Rio Grande do Sul,RS,38295,821,
import,2026,Pará,PA,16014,37,
import,2026,Mato Grosso do Sul,MS,11995,306,
import,2026,Roraima,RR,1354,134,
import,2025,Santa Catarina,SC,118343124,4532433,
import,2025,Amapá,AP,9465199,143157,
import,2025,Paraná,PR,1363261,36918,
import,2025,Rio de Janeiro,RJ,1343545,22725,
import,2025,Alagoas,AL,853358,19794,
import,2025,São Paulo,SP,556628,60183,
import,2025,Bahia,BA,508936,14954,
import,2025,Minas Gerais,MG,491995,46310,
import,2025,Paraíba,PB,337808,10554,
import,2025,Amazonas,AM,147946,5279,
import,2025,Espírito Santo,ES,41603,1131,
import,2025,Rio Grande do Sul,RS,32528,384,
import,2025,Goiás,GO,29972,994,
import,2025,Rondônia,RO,11488,2225,
import,2025,Roraima,RR,9939,109,
import,2025,Pernambuco,PE,5000,874,
import,2025,Ceará,CE,924,330,
import,2024,Santa Catarina,SC,136704839,5109719,
import,2024,Amapá,AP,11352704,191660,
import,2024,Rio de Janeiro,RJ,3617827,59329,
import,2024,Bahia,BA,3194085,60646,
import,2024,Minas Gerais,MG,2068235,109424,
import,2024,Paraíba,PB,1470779,57601,
import,2024,Alagoas,AL,1380095,30378,
import,2024,Espírito Santo,ES,811793,26300,
import,2024,São Paulo,SP,639829,32764,
import,2024,Rondônia,RO,279078,3500,
import,2024,Paraná,PR,208838,13156,
import,2024,Amazonas,AM,166326,30803,
import,2024,Rio Grande do Sul,RS,51331,1606,
import,2024,Pernambuco,PE,21420,2621,
import,2024,Pará,PA,3868,241,
import,2024,Distrito Federal,DF,610,78,
import,2024,Tocantins,TO,460,109,
import,2023,Santa Catarina,SC,118231341,3850349,
import,2023,Bahia,BA,10771579,256943,
import,2023,Amapá,AP,7882513,116234,
import,2023,Rio de Janeiro,RJ,2553718,82199,
import,2023,São Paulo,SP,1950009,54290,
import,2023,Paraíba,PB,1926507,48963,
import,2023,Alagoas,AL,647428,13668,
import,2023,Minas Gerais,MG,370051,64987,
import,2023,Paraná,PR,324238,49232,
import,2023,Amazonas,AM,203738,4459,
import,2023,Pernambuco,PE,118589,2624,
import,2023,Rio Grande do Sul,RS,55414,1507,
import,2023,Distrito Federal,DF,39005,750,
import,2023,Rondônia,RO,37545,7491,
import,2023,Ceará,CE,12030,700,
import,2023,Goiás,GO,9800,1272,
import,2023,Rio Grande do Norte,RN,8563,65,
import,2023,Piauí,PI,719,98,
import,2023,Maranhão,MA,643,89,
import,2022,Santa Catarina,SC,81332295,3118769,
import,2022,Amapá,AP,2891027,46376,
import,2022,Bahia,BA,2676579,99702,
import,2022,São Paulo,SP,1255614,70221,
import,2022,Paraíba,PB,666642,16842,
import,2022,Rio de Janeiro,RJ,393822,8658,
import,2022,Pernambuco,PE,153150,3401,
import,2022,Rio Grande do Sul,RS,105888,3588,
import,2022,Minas Gerais,MG,85711,14540,
import,2022,Rondônia,RO,73194,1433,
import,2022,Espírito Santo,ES,14701,3019,
import,2022,Paraná,PR,7144,860,
import,2022,Amazonas,AM,1745,340,
import,2021,Santa Catarina,SC,61206763,2904741,
import,2021,Amapá,AP,8095235,132333,
import,2021,Rio de Janeiro,RJ,4534570,64945,
import,2021,Amazonas,AM,936825,31049,
import,2021,São Paulo,SP,599831,33602,
import,2021,Minas Gerais,MG,80262,22002,
import,2021,Maranhão,MA,75101,1100,
import,2021,Rio Grande do Sul,RS,67210,10612,
import,2021,Paraná,PR,42645,4189,
import,2021,Espírito Santo,ES,42517,6925,
import,2021,Ceará,CE,3701,14,
import,2021,Bahia,BA,1614,150,
import,2021,Pernambuco,PE,240,213,
import,2021,Rondônia,RO,48,24,
import,2020,Santa Catarina,SC,25172431,1441654,
import,2020,Amazonas,AM,2865018,98067,
import,2020,Amapá,AP,2685519,59988,
import,2020,Bahia,BA,1374412,28750,
import,2020,Rio de Janeiro,RJ,378364,5084,
import,2020,São Paulo,SP,176057,11721,
import,2020,Rio Grande do Sul,RS,80464,3972,
import,2020,Paraná,PR,63594,3503,
import,2020,Distrito Federal,DF,36104,520,
import,2020,Minas Gerais,MG,5648,2054,
import,2019,Santa Catarina,SC,42307138,2135243,
import,2019,Amazonas,AM,4362309,146033,
import,2019,Amapá,AP,1570517,54462,
import,2019,São Paulo,SP,479726,37740,
import,2019,Pernambuco,PE,358204,12930,
import,2019,Rio de Janeiro,RJ,208919,3873,
import,2019,Paraíba,PB,70221,1804,
import,2019,Minas Gerais,MG,67433,8660,
import,2019,Paraná,PR,66241,1370,
import,2019,Rio Grande do Sul,RS,60359,7955,
import,2019,Alagoas,AL,36379,1840,
import,2019,Roraima,RR,33950,1060,
import,2019,Goiás,GO,20500,35,
import,2019,Rondônia,RO,7081,283,
import,2019,Espírito Santo,ES,4651,78,
import,2019,Bahia,BA,3071,200,
import,2018,Santa Catarina,SC,32940111,1719338,
import,2018,Amapá,AP,6675603,156243,
import,2018,Bahia,BA,3550039,61956,
import,2018,Amazonas,AM,2727989,96611,
import,2018,São Paulo,SP,574206,38060,
import,2018,Rio de Janeiro,RJ,382181,4685,
import,2018,Pernambuco,PE,251164,9219,
import,2018,Rio Grande do Sul,RS,196867,41036,
import,2018,Paraíba,PB,148853,4370,
import,2018,Rondônia,RO,132472,4322,
import,2018,Minas Gerais,MG,37584,6470,
import,2018,Alagoas,AL,10895,750,
import,2018,Paraná,PR,10793,1600,
import,2018,Espírito Santo,ES,8443,2822,
import,2018,Distrito Federal,DF,4163,134,
import,2018,Mato Grosso,MT,2595,280,
import,2018,Mato Grosso do Sul,MS,673,115,
import,2017,Santa Catarina,SC,24802269,1265773,
import,2017,Amapá,AP,6202827,161740,
import,2017,Amazonas,AM,3236142,121651,
import,2017,São Paulo,SP,1359634,89289,
import,2017,Paraíba,PB,937556,27517,
import,2017,Rio de Janeiro,RJ,549922,17345,
import,2017,Bahia,BA,449436,15116,
import,2017,Rio Grande do Sul,RS,263537,39488,
import,2017,Pernambuco,PE,153073,7486,
import,2017,Paraná,PR,146102,3408,
import,2017,Tocantins,TO,52599,1783,
import,2017,Minas Gerais,MG,24484,4169,
import,2017,Alagoas,AL,22080,1112,
import,2017,Goiás,GO,8647,750,
import,2017,Distrito Federal,DF,3000,23,
import,2017,Maranhão,MA,1340,468,
import,2017,Rondônia,RO,1,0,
import,2016,Santa Catarina,SC,10633665,514543,
import,2016,Amazonas,AM,4126959,166441,
import,2016,Amapá,AP,2007161,71155,
import,2016,Rondônia,RO,1208285,32541,
import,2016,Rio de Janeiro,RJ,767099,11185,
import,2016,Paraíba,PB,438572,12575,
import,2016,São Paulo,SP,433529,25655,
import,2016,Rio Grande do Sul,RS,196682,32352,
import,2016,Paraná,PR,8677,331,
import,2016,Minas Gerais,MG,6847,2584,
import,2016,Alagoas,AL,1858,117,
import,2016,Pernambuco,PE,1812,626,
import,2016,Bahia,BA,377,80,
import,2015,Santa Catarina,SC,14742624,954491,
import,2015,Amapá,AP,6835294,203394,
import,2015,Rondônia,RO,5530230,181456,
import,2015,Amazonas,AM,5321746,192439,
import,2015,Alagoas,AL,3018143,81122,
import,2015,Bahia,BA,2399695,104282,
import,2015,São Paulo,SP,2363073,104194,
import,2015,Rio de Janeiro,RJ,2239187,65956,
import,2015,Rio Grande do Sul,RS,579814,55441,
import,2015,Paraíba,PB,395936,12578,
import,2015,Paraná,PR,299681,15399,
import,2015,Minas Gerais,MG,265140,57208,
import,2015,Pernambuco,PE,255704,8214,
import,2015,Distrito Federal,DF,85202,954,
import,2015,Roraima,RR,35518,1439,
import,2015,Goiás,GO,20816,1691,
import,2015,Espírito Santo,ES,3518,209,
import,2015,Sergipe,SE,2662,1615,
import,2014,Santa Catarina,SC,35645737,1522183,
import,2014,Amapá,AP,13289735,305657,
import,2014,Amazonas,AM,10387349,363015,
import,2014,Rio de Janeiro,RJ,10119700,261142,
import,2014,Rondônia,RO,8855519,244344,
import,2014,Pernambuco,PE,5406349,153669,
import,2014,Bahia,BA,4811361,169787,
import,2014,São Paulo,SP,3272387,121756,
import,2014,Paraíba,PB,2719108,84179,
import,2014,Alagoas,AL,2166419,51190,
import,2014,Distrito Federal,DF,645993,13502,
import,2014,Rio Grande do Sul,RS,555942,55906,
import,2014,Minas Gerais,MG,338189,65739,
import,2014,Espírito Santo,ES,315395,11850,
import,2014,Paraná,PR,216908,8960,
import,2014,Mato Grosso,MT,51895,2468,
import,2014,Roraima,RR,27200,976,
import,2014,Pará,PA,10375,945,
import,2014,Sergipe,SE,4512,1782,
import,2014,Ceará,CE,3650,1234,
import,2013,Santa Catarina,SC,39144745,1664662,
import,2013,Amapá,AP,22725824,559647,
import,2013,Amazonas,AM,15648718,556490,
import,2013,Rio de Janeiro,RJ,13312467,435935,
import,2013,Pernambuco,PE,11986696,405444,
import,2013,Bahia,BA,11724245,415291,
import,2013,Rondônia,RO,7240945,199167,
import,2013,Alagoas,AL,4422085,108543,
import,2013,São Paulo,SP,3370974,149311,
import,2013,Paraíba,PB,2272859,74935,
import,2013,Espírito Santo,ES,1732953,54339,
import,2013,Exterior,EX,735739,19170,
import,2013,Pará,PA,361750,6940,
import,2013,Rio Grande do Sul,RS,351045,63073,
import,2013,Paraná,PR,206576,15057,
import,2013,Minas Gerais,MG,126182,15447,
import,2013,Distrito Federal,DF,44479,1137,
import,2013,Mato Grosso,MT,38566,3609,
import,2013,Sergipe,SE,5738,2228,
import,2013,Goiás,GO,2292,194,
import,2012,Santa Catarina,SC,51013101,1959569,
import,2012,Pernambuco,PE,26983878,860941,
import,2012,Amazonas,AM,22559101,843202,
import,2012,Amapá,AP,20574375,418031,
import,2012,Bahia,BA,13547423,447543,
import,2012,São Paulo,SP,7344351,291306,
import,2012,Rio de Janeiro,RJ,6907239,328439,
import,2012,Rondônia,RO,6463158,204679,
import,2012,Espírito Santo,ES,3726897,108320,
import,2012,Alagoas,AL,1758133,68626,
import,2012,Paraíba,PB,933279,34310,
import,2012,Paraná,PR,803169,33237,
import,2012,Distrito Federal,DF,709494,20441,
import,2012,Rio Grande do Sul,RS,666120,65566,
import,2012,Minas Gerais,MG,187087,37120,
import,2012,Tocantins,TO,155648,2740,
import,2012,Pará,PA,146467,6307,
import,2012,Goiás,GO,116424,9537,
import,2012,Roraima,RR,102241,3472,
import,2012,Mato Grosso,MT,17437,513,
import,2012,Sergipe,SE,8632,3243,
import,2011,Santa Catarina,SC,89943991,2520039,
import,2011,Amapá,AP,25101749,559914,
import,2011,São Paulo,SP,22741825,717002,
import,2011,Amazonas,AM,21905537,834343,
import,2011,Pernambuco,PE,15617152,617773,
import,2011,Tocantins,TO,13299279,369238,
import,2011,Alagoas,AL,11067801,281865,
import,2011,Espírito Santo,ES,10742904,274910,
import,2011,Bahia,BA,5406084,181041,
import,2011,Paraíba,PB,4202031,156737,
import,2011,Rondônia,RO,3410980,135191,
import,2011,Distrito Federal,DF,3326956,95230,
import,2011,Rio de Janeiro,RJ,2065009,92789,
import,2011,Rio Grande do Sul,RS,1351793,108773,
import,2011,Paraná,PR,1252041,65475,
import,2011,Minas Gerais,MG,475207,88562,
import,2011,Mato Grosso,MT,264652,11202,
import,2011,Pará,PA,175563,9249,
import,2011,Goiás,GO,112685,5460,
import,2011,Roraima,RR,17799,590,
import,2011,Piauí,PI,15102,668,
import,2011,Sergipe,SE,11592,1325,
import,2011,Rio Grande do Norte,RN,5677,240,
import,2011,Mato Grosso do Sul,MS,3058,884,
import,2010,Santa Catarina,SC,58658844,1840495,
import,2010,São Paulo,SP,21732479,691538,
import,2010,Amazonas,AM,19410393,752313,
import,2010,Amapá,AP,12482161,290363,
import,2010,Rio de Janeiro,RJ,4499653,169988,
import,2010,Paraíba,PB,4318932,166843,
import,2010,Tocantins,TO,3952169,101320,
import,2010,Pernambuco,PE,3281897,155641,
import,2010,Espírito Santo,ES,3077073,130948,
import,2010,Alagoas,AL,1332760,55136,
import,2010,Distrito Federal,DF,971569,29907,
import,2010,Paraná,PR,384753,38639,
import,2010,Rio Grande do Sul,RS,325381,57879,
import,2010,Minas Gerais,MG,316748,42177,
import,2010,Pará,PA,220676,9061,
import,2010,Rondônia,RO,147295,5795,
import,2010,Ceará,CE,92185,5989,
import,2010,Mato Grosso,MT,61443,2140,
import,2010,Bahia,BA,45031,2698,
import,2010,Goiás,GO,34060,1164,
import,2010,Exterior,EX,2339,40,
import,2010,Sergipe,SE,1915,903,
