recorte,flow,year,coNcm,ncm,metricFOB,metricKG,metricStatistic
BR,export,2026,89039900,"Outros barcos/embarcações de recreio/esporte, inclusive canoas",17530405,408740,623
BR,export,2026,89033200,"Barcos a motor, exceto os infláveis, não equipados com motor fora de borda, de comprimento superior a 7,5 m, mas não superior a 24 m",10950457,202506,28
BR,export,2026,89032200,"Barcos à vela, exceto os infláveis, mesmo com motor auxiliar de comprimento superior a 7,5 m, mas não superior a 24 m",1100000,30000,1
BR,export,2026,89039300,"Outros iates e outros barcos e embarcações de recreio ou de esporte; barcos a remos e canoas, de comprimento não superior a 7,5 m",635452,24365,63
BR,export,2026,89033100,"Barcos a motor, exceto os infláveis, não equipados com motor fora de borda, de comprimento não superior a 7,5 m",345934,15508,14
BR,export,2026,89031100,"Barcos infláveis, mesmo com casco rígido, equipados com um motor ou concebidos para comportá-lo, de peso vazio (sem carga) sem motor não superior a 100 kg",1149,41,1
BR,export,2025,89033200,"Barcos a motor, exceto os infláveis, não equipados com motor fora de borda, de comprimento superior a 7,5 m, mas não superior a 24 m",28615727,566903,65
BR,export,2025,89039900,"Outros barcos/embarcações de recreio/esporte, inclusive canoas",25948690,652550,1184
BR,export,2025,89039300,"Outros iates e outros barcos e embarcações de recreio ou de esporte; barcos a remos e canoas, de comprimento não superior a 7,5 m",818101,37992,322
BR,export,2025,89032200,"Barcos à vela, exceto os infláveis, mesmo com motor auxiliar de comprimento superior a 7,5 m, mas não superior a 24 m",784816,5150,1
BR,export,2025,89033100,"Barcos a motor, exceto os infláveis, não equipados com motor fora de borda, de comprimento não superior a 7,5 m",306368,13943,22
BR,export,2025,89031200,"Barcos infláveis, mesmo com casco rígido, não concebidos para serem utilizados com um motor e de peso vazio (sem carga) não superior a 100 kg",61853,88,2
BR,export,2025,89031900,"Outros barcos infláveis, mesmo com casco rígido, não classificados em códigos anteriores",38181,1082,1
BR,export,2025,89031100,"Barcos infláveis, mesmo com casco rígido, equipados com um motor ou concebidos para comportá-lo, de peso vazio (sem carga) sem motor não superior a 100 kg",30655,18,1
BR,export,2024,89033200,"Barcos a motor, exceto os infláveis, não equipados com motor fora de borda, de comprimento superior a 7,5 m, mas não superior a 24 m",32888927,679270,78
BR,export,2024,89039900,"Outros barcos/embarcações de recreio/esporte, inclusive canoas",27629731,717361,759
BR,export,2024,89033300,"Barcos a motor, exceto os infláveis, não equipados com motor fora de borda, de comprimento superior a 24 m",5407037,92960,1
BR,export,2024,89039300,"Outros iates e outros barcos e embarcações de recreio ou de esporte; barcos a remos e canoas, de comprimento não superior a 7,5 m",1197742,53153,176
BR,export,2024,89033100,"Barcos a motor, exceto os infláveis, não equipados com motor fora de borda, de comprimento não superior a 7,5 m",294229,11368,11
BR,export,2024,89031100,"Barcos infláveis, mesmo com casco rígido, equipados com um motor ou concebidos para comportá-lo, de peso vazio (sem carga) sem motor não superior a 100 kg",264708,5032,69
BR,export,2024,89031900,"Outros barcos infláveis, mesmo com casco rígido, não classificados em códigos anteriores",152133,3291,9
BR,export,2024,89031200,"Barcos infláveis, mesmo com casco rígido, não concebidos para serem utilizados com um motor e de peso vazio (sem carga) não superior a 100 kg",56451,148,14
BR,export,2023,89033200,"Barcos a motor, exceto os infláveis, não equipados com motor fora de borda, de comprimento superior a 7,5 m, mas não superior a 24 m",32834438,687857,54
BR,export,2023,89039900,"Outros barcos/embarcações de recreio/esporte, inclusive canoas",26577537,646501,661
BR,export,2023,89033300,"Barcos a motor, exceto os infláveis, não equipados com motor fora de borda, de comprimento superior a 24 m",5344304,92960,1
BR,export,2023,89039300,"Outros iates e outros barcos e embarcações de recreio ou de esporte; barcos a remos e canoas, de comprimento não superior a 7,5 m",1904198,70784,608
BR,export,2023,89033100,"Barcos a motor, exceto os infláveis, não equipados com motor fora de borda, de comprimento não superior a 7,5 m",533752,18983,13
BR,export,2023,89031900,"Outros barcos infláveis, mesmo com casco rígido, não classificados em códigos anteriores",368101,8895,28
BR,export,2023,89031100,"Barcos infláveis, mesmo com casco rígido, equipados com um motor ou concebidos para comportá-lo, de peso vazio (sem carga) sem motor não superior a 100 kg",289551,7451,151
BR,export,2023,89031200,"Barcos infláveis, mesmo com casco rígido, não concebidos para serem utilizados com um motor e de peso vazio (sem carga) não superior a 100 kg",248473,9605,42
BR,export,2023,89032100,"Barcos à vela, exceto os infláveis, mesmo com motor auxiliar de comprimento não superior a 7,5 m",769,100,1
BR,export,2022,89033200,"Barcos a motor, exceto os infláveis, não equipados com motor fora de borda, de comprimento superior a 7,5 m, mas não superior a 24 m",22730176,509692,39
BR,export,2022,89039900,"Outros barcos/embarcações de recreio/esporte, inclusive canoas",18080586,491067,978
BR,export,2022,89039200,"Barcos a motor, exceto com motor fora-de-borda",11906638,371941,34
BR,export,2022,89032300,"Barcos à vela, exceto os infláveis, mesmo com motor auxiliar de comprimento superior a 24 m",2205347,64572,2
BR,export,2022,89039300,"Outros iates e outros barcos e embarcações de recreio ou de esporte; barcos a remos e canoas, de comprimento não superior a 7,5 m",991486,45276,285
BR,export,2022,89033100,"Barcos a motor, exceto os infláveis, não equipados com motor fora de borda, de comprimento não superior a 7,5 m",700925,28200,18
BR,export,2022,89031900,"Outros barcos infláveis, mesmo com casco rígido, não classificados em códigos anteriores",193712,7087,22
BR,export,2022,89031200,"Barcos infláveis, mesmo com casco rígido, não concebidos para serem utilizados com um motor e de peso vazio (sem carga) não superior a 100 kg",177299,8138,8
BR,export,2022,89031000,Barcos infláveis,148170,2278,13
BR,export,2022,89031100,"Barcos infláveis, mesmo com casco rígido, equipados com um motor ou concebidos para comportá-lo, de peso vazio (sem carga) sem motor não superior a 100 kg",135477,3077,56
BR,export,2022,89033300,"Barcos a motor, exceto os infláveis, não equipados com motor fora de borda, de comprimento superior a 24 m",85000,10720,1
BR,export,2021,89039200,"Barcos a motor, exceto com motor fora-de-borda",16659850,439251,137
BR,export,2021,89039900,"Outros barcos/embarcações de recreio/esporte, inclusive canoas",12479420,454346,4669
BR,export,2021,89031000,Barcos infláveis,753401,18992,107
BR,export,2021,89039100,"Barcos a vela, mesmo com motor auxiliar",4386,128,1
BR,export,2020,89039200,"Barcos a motor, exceto com motor fora-de-borda",12301088,286723,25
BR,export,2020,89039900,"Outros barcos/embarcações de recreio/esporte, inclusive canoas",5383241,187712,2019
BR,export,2020,89031000,Barcos infláveis,467663,2869,109
BR,export,2020,89039100,"Barcos a vela, mesmo com motor auxiliar",6596,252,8
BR,export,2019,89039200,"Barcos a motor, exceto com motor fora-de-borda",14469224,378826,75
BR,export,2019,89039900,"Outros barcos/embarcações de recreio/esporte, inclusive canoas",8429126,216433,364
BR,export,2019,89031000,Barcos infláveis,662549,3889,60
BR,export,2018,89039200,"Barcos a motor, exceto com motor fora-de-borda",11783780,277098,27
BR,export,2018,89039900,"Outros barcos/embarcações de recreio/esporte, inclusive canoas",6894396,194145,373
BR,export,2018,89031000,Barcos infláveis,413686,3662,43
BR,export,2017,89039200,"Barcos a motor, exceto com motor fora-de-borda",11450983,379700,79
BR,export,2017,89039900,"Outros barcos/embarcações de recreio/esporte, inclusive canoas",7221777,198120,713
BR,export,2017,89031000,Barcos infláveis,326102,2065,19
BR,export,2017,89039100,"Barcos a vela, mesmo com motor auxiliar",21540,180,2
BR,export,2016,89039200,"Barcos a motor, exceto com motor fora-de-borda",18247386,565928,63
BR,export,2016,89039900,"Outros barcos/embarcações de recreio/esporte, inclusive canoas",5038286,181092,796
BR,export,2016,89031000,Barcos infláveis,415860,1686,103
BR,export,2016,89039100,"Barcos a vela, mesmo com motor auxiliar",119097,8308,14
BR,export,2015,89039200,"Barcos a motor, exceto com motor fora-de-borda",8392549,196531,26
BR,export,2015,89039900,"Outros barcos/embarcações de recreio/esporte, inclusive canoas",478685,18714,156
BR,export,2015,89031000,Barcos infláveis,372555,4547,62
BR,export,2014,89039200,"Barcos a motor, exceto com motor fora-de-borda",1292589,38440,12
BR,export,2014,89039900,"Outros barcos/embarcações de recreio/esporte, inclusive canoas",447774,18948,661
BR,export,2014,89031000,Barcos infláveis,353756,4761,94
BR,export,2013,89039900,"Outros barcos/embarcações de recreio/esporte, inclusive canoas",760579,21368,991
BR,export,2013,89031000,Barcos infláveis,643959,10786,102
BR,export,2013,89039200,"Barcos a motor, exceto com motor fora-de-borda",574235,25979,11
BR,export,2012,89039200,"Barcos a motor, exceto com motor fora-de-borda",7209679,339863,8
BR,export,2012,89031000,Barcos infláveis,481190,3510,100
BR,export,2012,89039900,"Outros barcos/embarcações de recreio/esporte, inclusive canoas",277323,14199,502
BR,export,2011,89039200,"Barcos a motor, exceto com motor fora-de-borda",538184,30168,14
BR,export,2011,89031000,Barcos infláveis,414857,4287,69
BR,export,2011,89039900,"Outros barcos/embarcações de recreio/esporte, inclusive canoas",284356,11362,415
BR,export,2010,89039900,"Outros barcos/embarcações de recreio/esporte, inclusive canoas",15814783,266690,332
BR,export,2010,89039200,"Barcos a motor, exceto com motor fora-de-borda",11691504,186598,25
BR,export,2010,89039100,"Barcos a vela, mesmo com motor auxiliar",690353,63520,1
BR,export,2010,89031000,Barcos infláveis,447590,11344,339
BR,import,2026,89039300,"Outros iates e outros barcos e embarcações de recreio ou de esporte; barcos a remos e canoas, de comprimento não superior a 7,5 m",73530164,3045014,9074
BR,import,2026,89033300,"Barcos a motor, exceto os infláveis, não equipados com motor fora de borda, de comprimento superior a 24 m",5500000,102,1
BR,import,2026,89032200,"Barcos à vela, exceto os infláveis, mesmo com motor auxiliar de comprimento superior a 7,5 m, mas não superior a 24 m",5264520,102303,11
BR,import,2026,89033200,"Barcos a motor, exceto os infláveis, não equipados com motor fora de borda, de comprimento superior a 7,5 m, mas não superior a 24 m",4183127,75067,5
BR,import,2026,89033100,"Barcos a motor, exceto os infláveis, não equipados com motor fora de borda, de comprimento não superior a 7,5 m",1886823,38398,45
BR,import,2026,89039900,"Outros barcos/embarcações de recreio/esporte, inclusive canoas",495452,36508,1684
BR,import,2026,89031900,"Outros barcos infláveis, mesmo com casco rígido, não classificados em códigos anteriores",427493,13080,1105
BR,import,2026,89031100,"Barcos infláveis, mesmo com casco rígido, equipados com um motor ou concebidos para comportá-lo, de peso vazio (sem carga) sem motor não superior a 100 kg",244633,13026,1016
BR,import,2026,89031200,"Barcos infláveis, mesmo com casco rígido, não concebidos para serem utilizados com um motor e de peso vazio (sem carga) não superior a 100 kg",214359,56938,11143
BR,import,2026,89032100,"Barcos à vela, exceto os infláveis, mesmo com motor auxiliar de comprimento não superior a 7,5 m",56359,741,512
BR,import,2025,89039300,"Outros iates e outros barcos e embarcações de recreio ou de esporte; barcos a remos e canoas, de comprimento não superior a 7,5 m",117115044,4439481,12872
BR,import,2025,89033200,"Barcos a motor, exceto os infláveis, não equipados com motor fora de borda, de comprimento superior a 7,5 m, mas não superior a 24 m",8167203,149008,17
BR,import,2025,89032200,"Barcos à vela, exceto os infláveis, mesmo com motor auxiliar de comprimento superior a 7,5 m, mas não superior a 24 m",3077809,140239,11
BR,import,2025,89039900,"Outros barcos/embarcações de recreio/esporte, inclusive canoas",2650432,50214,1201
BR,import,2025,89031900,"Outros barcos infláveis, mesmo com casco rígido, não classificados em códigos anteriores",1032357,25427,2551
BR,import,2025,89033100,"Barcos a motor, exceto os infláveis, não equipados com motor fora de borda, de comprimento não superior a 7,5 m",931512,16687,22
BR,import,2025,89031200,"Barcos infláveis, mesmo com casco rígido, não concebidos para serem utilizados com um motor e de peso vazio (sem carga) não superior a 100 kg",265602,48025,9527
BR,import,2025,89032100,"Barcos à vela, exceto os infláveis, mesmo com motor auxiliar de comprimento não superior a 7,5 m",212782,3672,83
BR,import,2025,89031100,"Barcos infláveis, mesmo com casco rígido, equipados com um motor ou concebidos para comportá-lo, de peso vazio (sem carga) sem motor não superior a 100 kg",90513,25601,2249
BR,import,2024,89039300,"Outros iates e outros barcos e embarcações de recreio ou de esporte; barcos a remos e canoas, de comprimento não superior a 7,5 m",138979821,5011357,14330
BR,import,2024,89032200,"Barcos à vela, exceto os infláveis, mesmo com motor auxiliar de comprimento superior a 7,5 m, mas não superior a 24 m",12094541,258309,16
BR,import,2024,89039900,"Outros barcos/embarcações de recreio/esporte, inclusive canoas",4873275,91077,9411
BR,import,2024,89033100,"Barcos a motor, exceto os infláveis, não equipados com motor fora de borda, de comprimento não superior a 7,5 m",3759342,129849,106
BR,import,2024,89031900,"Outros barcos infláveis, mesmo com casco rígido, não classificados em códigos anteriores",1107393,21362,2628
BR,import,2024,89033200,"Barcos a motor, exceto os infláveis, não equipados com motor fora de borda, de comprimento superior a 7,5 m, mas não superior a 24 m",542101,22300,12
BR,import,2024,89031100,"Barcos infláveis, mesmo com casco rígido, equipados com um motor ou concebidos para comportá-lo, de peso vazio (sem carga) sem motor não superior a 100 kg",187523,51537,3143
BR,import,2024,89032100,"Barcos à vela, exceto os infláveis, mesmo com motor auxiliar de comprimento não superior a 7,5 m",187003,2982,73
BR,import,2024,89031200,"Barcos infláveis, mesmo com casco rígido, não concebidos para serem utilizados com um motor e de peso vazio (sem carga) não superior a 100 kg",183992,39162,12108
BR,import,2024,89032300,"Barcos à vela, exceto os infláveis, mesmo com motor auxiliar de comprimento superior a 24 m",57126,102000,1
BR,import,2023,89039300,"Outros iates e outros barcos e embarcações de recreio ou de esporte; barcos a remos e canoas, de comprimento não superior a 7,5 m",102088789,3620063,10397
BR,import,2023,89033300,"Barcos a motor, exceto os infláveis, não equipados com motor fora de borda, de comprimento superior a 24 m",22485626,345085,2
BR,import,2023,89032200,"Barcos à vela, exceto os infláveis, mesmo com motor auxiliar de comprimento superior a 7,5 m, mas não superior a 24 m",11576365,335779,205
BR,import,2023,89039900,"Outros barcos/embarcações de recreio/esporte, inclusive canoas",3106420,87583,3389
BR,import,2023,89033100,"Barcos a motor, exceto os infláveis, não equipados com motor fora de borda, de comprimento não superior a 7,5 m",2045025,60525,43
BR,import,2023,89033200,"Barcos a motor, exceto os infláveis, não equipados com motor fora de borda, de comprimento superior a 7,5 m, mas não superior a 24 m",1775006,22786,4
BR,import,2023,89031900,"Outros barcos infláveis, mesmo com casco rígido, não classificados em códigos anteriores",1296221,10032,2633
BR,import,2023,89032100,"Barcos à vela, exceto os infláveis, mesmo com motor auxiliar de comprimento não superior a 7,5 m",329584,4639,59
BR,import,2023,89031200,"Barcos infláveis, mesmo com casco rígido, não concebidos para serem utilizados com um motor e de peso vazio (sem carga) não superior a 100 kg",253734,37183,8214
BR,import,2023,89039200,"Barcos a motor, exceto com motor fora-de-borda",94039,2682,1
BR,import,2023,89031100,"Barcos infláveis, mesmo com casco rígido, equipados com um motor ou concebidos para comportá-lo, de peso vazio (sem carga) sem motor não superior a 100 kg",92621,29563,1914
BR,import,2022,89039300,"Outros iates e outros barcos e embarcações de recreio ou de esporte; barcos a remos e canoas, de comprimento não superior a 7,5 m",68906681,2669821,8355
BR,import,2022,89033300,"Barcos a motor, exceto os infláveis, não equipados com motor fora de borda, de comprimento superior a 24 m",7220847,130000,1
BR,import,2022,89039900,"Outros barcos/embarcações de recreio/esporte, inclusive canoas",6695093,290096,3760
BR,import,2022,89032200,"Barcos à vela, exceto os infláveis, mesmo com motor auxiliar de comprimento superior a 7,5 m, mas não superior a 24 m",3154819,128812,10
BR,import,2022,89033200,"Barcos a motor, exceto os infláveis, não equipados com motor fora de borda, de comprimento superior a 7,5 m, mas não superior a 24 m",1227975,23286,5
BR,import,2022,89033100,"Barcos a motor, exceto os infláveis, não equipados com motor fora de borda, de comprimento não superior a 7,5 m",826076,20546,12
BR,import,2022,89039100,"Barcos a vela, mesmo com motor auxiliar",799274,37004,7
BR,import,2022,89031200,"Barcos infláveis, mesmo com casco rígido, não concebidos para serem utilizados com um motor e de peso vazio (sem carga) não superior a 100 kg",291426,28999,3264
BR,import,2022,89031900,"Outros barcos infláveis, mesmo com casco rígido, não classificados em códigos anteriores",197565,25287,2653
BR,import,2022,89032100,"Barcos à vela, exceto os infláveis, mesmo com motor auxiliar de comprimento não superior a 7,5 m",177686,5945,881
BR,import,2022,89031000,Barcos infláveis,110930,15684,1843
BR,import,2022,89031100,"Barcos infláveis, mesmo com casco rígido, equipados com um motor ou concebidos para comportá-lo, de peso vazio (sem carga) sem motor não superior a 100 kg",49140,12269,3463
BR,import,2021,89039900,"Outros barcos/embarcações de recreio/esporte, inclusive canoas",49865508,2628220,8752
BR,import,2021,89039200,"Barcos a motor, exceto com motor fora-de-borda",22807185,394943,26
BR,import,2021,89031000,Barcos infláveis,1746425,156222,20063
BR,import,2021,89039100,"Barcos a vela, mesmo com motor auxiliar",1267444,32514,16
BR,import,2020,89039900,"Outros barcos/embarcações de recreio/esporte, inclusive canoas",28456447,1514141,5255
BR,import,2020,89039200,"Barcos a motor, exceto com motor fora-de-borda",2306930,50085,9
BR,import,2020,89039100,"Barcos a vela, mesmo com motor auxiliar",1738720,43951,107
BR,import,2020,89031000,Barcos infláveis,335514,47136,8448
BR,import,2019,89039900,"Outros barcos/embarcações de recreio/esporte, inclusive canoas",45637194,2188565,7082
BR,import,2019,89039200,"Barcos a motor, exceto com motor fora-de-borda",2531574,85800,41
BR,import,2019,89039100,"Barcos a vela, mesmo com motor auxiliar",757491,36176,40
BR,import,2019,89031000,Barcos infláveis,730440,103025,18884
BR,import,2018,89039900,"Outros barcos/embarcações de recreio/esporte, inclusive canoas",33523588,1687720,5547
BR,import,2018,89039200,"Barcos a motor, exceto com motor fora-de-borda",6653253,156261,55
BR,import,2018,89039100,"Barcos a vela, mesmo com motor auxiliar",6430532,144175,56
BR,import,2018,89031000,Barcos infláveis,1047258,159855,20079
BR,import,2017,89039900,"Outros barcos/embarcações de recreio/esporte, inclusive canoas",27756358,1345278,4756
BR,import,2017,89039200,"Barcos a motor, exceto com motor fora-de-borda",6081743,142869,31
BR,import,2017,89039100,"Barcos a vela, mesmo com motor auxiliar",3755164,134294,121
BR,import,2017,89031000,Barcos infláveis,619384,134677,17160
BR,import,2016,89039900,"Outros barcos/embarcações de recreio/esporte, inclusive canoas",12839970,587594,2258
BR,import,2016,89039200,"Barcos a motor, exceto com motor fora-de-borda",5310734,157771,22
BR,import,2016,89039100,"Barcos a vela, mesmo com motor auxiliar",1035483,41867,104
BR,import,2016,89031000,Barcos infláveis,645336,82953,28743
BR,import,2015,89039900,"Outros barcos/embarcações de recreio/esporte, inclusive canoas",18867705,1090398,3987
BR,import,2015,89039200,"Barcos a motor, exceto com motor fora-de-borda",18636162,524156,85
BR,import,2015,89039100,"Barcos a vela, mesmo com motor auxiliar",5096347,212445,90
BR,import,2015,89031000,Barcos infláveis,1793769,215083,31054
BR,import,2014,89039900,"Outros barcos/embarcações de recreio/esporte, inclusive canoas",42813025,1926873,6939
BR,import,2014,89039200,"Barcos a motor, exceto com motor fora-de-borda",42516975,937963,140
BR,import,2014,89039100,"Barcos a vela, mesmo com motor auxiliar",11560877,334330,97
BR,import,2014,89031000,Barcos infláveis,1952846,241118,49436
BR,import,2013,89039200,"Barcos a motor, exceto com motor fora-de-borda",64449780,1701447,219
BR,import,2013,89039900,"Outros barcos/embarcações de recreio/esporte, inclusive canoas",54130899,2215401,7132
BR,import,2013,89039100,"Barcos a vela, mesmo com motor auxiliar",13456163,574976,195
BR,import,2013,89031000,Barcos infláveis,3418036,258795,53852
BR,import,2012,89039200,"Barcos a motor, exceto com motor fora-de-borda",82988375,2248122,56436
BR,import,2012,89039900,"Outros barcos/embarcações de recreio/esporte, inclusive canoas",68474794,2813386,9480
BR,import,2012,89039100,"Barcos a vela, mesmo com motor auxiliar",11527269,465504,102
BR,import,2012,89031000,Barcos infláveis,1733216,220130,48849
BR,import,2011,89039200,"Barcos a motor, exceto com motor fora-de-borda",150806644,3494132,460
BR,import,2011,89039900,"Outros barcos/embarcações de recreio/esporte, inclusive canoas",69004891,2801237,11413
BR,import,2011,89039100,"Barcos a vela, mesmo com motor auxiliar",10827829,470893,1798
BR,import,2011,89031000,Barcos infláveis,1877103,362238,89078
BR,import,2010,89039200,"Barcos a motor, exceto com motor fora-de-borda",85109466,2080826,7795
BR,import,2010,89039900,"Outros barcos/embarcações de recreio/esporte, inclusive canoas",42243941,1868952,6265
BR,import,2010,89039100,"Barcos a vela, mesmo com motor auxiliar",5949085,257185,108
BR,import,2010,89031000,Barcos infláveis,2047264,344014,201064
SC,export,2026,89039900,"Outros barcos/embarcações de recreio/esporte, inclusive canoas",10519972,187167,41
SC,export,2026,89033200,"Barcos a motor, exceto os infláveis, não equipados com motor fora de borda, de comprimento superior a 7,5 m, mas não superior a 24 m",9562406,169286,20
SC,export,2026,89039300,"Outros iates e outros barcos e embarcações de recreio ou de esporte; barcos a remos e canoas, de comprimento não superior a 7,5 m",384524,16411,17
SC,export,2026,89033100,"Barcos a motor, exceto os infláveis, não equipados com motor fora de borda, de comprimento não superior a 7,5 m",311789,14808,13
SC,export,2025,89033200,"Barcos a motor, exceto os infláveis, não equipados com motor fora de borda, de comprimento superior a 7,5 m, mas não superior a 24 m",21453743,403561,34
SC,export,2025,89039900,"Outros barcos/embarcações de recreio/esporte, inclusive canoas",15545074,289200,40
SC,export,2025,89039300,"Outros iates e outros barcos e embarcações de recreio ou de esporte; barcos a remos e canoas, de comprimento não superior a 7,5 m",443396,20521,23
SC,export,2025,89033100,"Barcos a motor, exceto os infláveis, não equipados com motor fora de borda, de comprimento não superior a 7,5 m",138552,6567,9
SC,export,2024,89033200,"Barcos a motor, exceto os infláveis, não equipados com motor fora de borda, de comprimento superior a 7,5 m, mas não superior a 24 m",27347437,515440,43
SC,export,2024,89039900,"Outros barcos/embarcações de recreio/esporte, inclusive canoas",16352849,348756,50
SC,export,2024,89033300,"Barcos a motor, exceto os infláveis, não equipados com motor fora de borda, de comprimento superior a 24 m",5407037,92960,1
SC,export,2024,89039300,"Outros iates e outros barcos e embarcações de recreio ou de esporte; barcos a remos e canoas, de comprimento não superior a 7,5 m",680915,33234,34
SC,export,2024,89033100,"Barcos a motor, exceto os infláveis, não equipados com motor fora de borda, de comprimento não superior a 7,5 m",185838,6743,4
SC,export,2024,89031900,"Outros barcos infláveis, mesmo com casco rígido, não classificados em códigos anteriores",5878,112,1
SC,export,2023,89033200,"Barcos a motor, exceto os infláveis, não equipados com motor fora de borda, de comprimento superior a 7,5 m, mas não superior a 24 m",31917294,649014,43
SC,export,2023,89039900,"Outros barcos/embarcações de recreio/esporte, inclusive canoas",16122157,363170,52
SC,export,2023,89033300,"Barcos a motor, exceto os infláveis, não equipados com motor fora de borda, de comprimento superior a 24 m",5344304,92960,1
SC,export,2023,89039300,"Outros iates e outros barcos e embarcações de recreio ou de esporte; barcos a remos e canoas, de comprimento não superior a 7,5 m",691455,36310,37
SC,export,2023,89033100,"Barcos a motor, exceto os infláveis, não equipados com motor fora de borda, de comprimento não superior a 7,5 m",412255,13550,8
SC,export,2023,89031200,"Barcos infláveis, mesmo com casco rígido, não concebidos para serem utilizados com um motor e de peso vazio (sem carga) não superior a 100 kg",3950,44,2
SC,export,2022,89033200,"Barcos a motor, exceto os infláveis, não equipados com motor fora de borda, de comprimento superior a 7,5 m, mas não superior a 24 m",22730176,509692,39
SC,export,2022,89039900,"Outros barcos/embarcações de recreio/esporte, inclusive canoas",15149137,382743,85
SC,export,2022,89039200,"Barcos a motor, exceto com motor fora-de-borda",11392471,262800,19
SC,export,2022,89032300,"Barcos à vela, exceto os infláveis, mesmo com motor auxiliar de comprimento superior a 24 m",2203274,64480,1
SC,export,2022,89033100,"Barcos a motor, exceto os infláveis, não equipados com motor fora de borda, de comprimento não superior a 7,5 m",700925,28200,18
SC,export,2022,89039300,"Outros iates e outros barcos e embarcações de recreio ou de esporte; barcos a remos e canoas, de comprimento não superior a 7,5 m",679831,36855,38
SC,export,2021,89039200,"Barcos a motor, exceto com motor fora-de-borda",15119957,375729,38
SC,export,2021,89039900,"Outros barcos/embarcações de recreio/esporte, inclusive canoas",9686039,286042,76
SC,export,2021,89031000,Barcos infláveis,82421,2455,21
SC,export,2021,89039100,"Barcos a vela, mesmo com motor auxiliar",4386,128,1
SC,export,2020,89039200,"Barcos a motor, exceto com motor fora-de-borda",6055647,171647,18
SC,export,2020,89039900,"Outros barcos/embarcações de recreio/esporte, inclusive canoas",4078327,110659,38
SC,export,2020,89031000,Barcos infláveis,35158,494,22
SC,export,2020,89039100,"Barcos a vela, mesmo com motor auxiliar",6596,252,8
SC,export,2019,89039900,"Outros barcos/embarcações de recreio/esporte, inclusive canoas",7822923,175630,40
SC,export,2019,89039200,"Barcos a motor, exceto com motor fora-de-borda",6892011,183645,23
SC,export,2019,89031000,Barcos infláveis,6208,285,1
SC,export,2018,89039200,"Barcos a motor, exceto com motor fora-de-borda",7119626,180458,19
SC,export,2018,89039900,"Outros barcos/embarcações de recreio/esporte, inclusive canoas",6126950,143110,27
SC,export,2018,89031000,Barcos infláveis,84000,920,8
SC,export,2017,89039200,"Barcos a motor, exceto com motor fora-de-borda",7823904,253550,56
SC,export,2017,89039900,"Outros barcos/embarcações de recreio/esporte, inclusive canoas",6483167,146307,52
SC,export,2016,89039200,"Barcos a motor, exceto com motor fora-de-borda",12507083,308508,43
SC,export,2016,89039900,"Outros barcos/embarcações de recreio/esporte, inclusive canoas",1459453,51608,47
SC,export,2016,89031000,Barcos infláveis,46657,508,24
SC,export,2015,89039200,"Barcos a motor, exceto com motor fora-de-borda",3378931,79271,14
SC,export,2015,89039900,"Outros barcos/embarcações de recreio/esporte, inclusive canoas",87531,4640,4
SC,export,2015,89031000,Barcos infláveis,2037,22,1
SC,export,2014,89039900,"Outros barcos/embarcações de recreio/esporte, inclusive canoas",228055,9170,9
SC,export,2014,89039200,"Barcos a motor, exceto com motor fora-de-borda",117000,3200,1
SC,export,2013,89039200,"Barcos a motor, exceto com motor fora-de-borda",364350,19300,7
SC,export,2013,89039900,"Outros barcos/embarcações de recreio/esporte, inclusive canoas",5757,243,3
SC,export,2012,89039200,"Barcos a motor, exceto com motor fora-de-borda",147950,8523,6
SC,export,2011,89039200,"Barcos a motor, exceto com motor fora-de-borda",538184,30168,14
SC,export,2011,89039900,"Outros barcos/embarcações de recreio/esporte, inclusive canoas",19657,950,1
SC,export,2010,89039200,"Barcos a motor, exceto com motor fora-de-borda",789364,45703,21
SC,export,2010,89039100,"Barcos a vela, mesmo com motor auxiliar",690353,63520,1
SC,export,2010,89039900,"Outros barcos/embarcações de recreio/esporte, inclusive canoas",86886,6670,10
SC,import,2026,89039300,"Outros iates e outros barcos e embarcações de recreio ou de esporte; barcos a remos e canoas, de comprimento não superior a 7,5 m",72746167,3019377,8797
SC,import,2026,89039900,"Outros barcos/embarcações de recreio/esporte, inclusive canoas",82731,9290,1093
SC,import,2026,89031200,"Barcos infláveis, mesmo com casco rígido, não concebidos para serem utilizados com um motor e de peso vazio (sem carga) não superior a 100 kg",69658,18535,3342
SC,import,2026,89031100,"Barcos infláveis, mesmo com casco rígido, equipados com um motor ou concebidos para comportá-lo, de peso vazio (sem carga) sem motor não superior a 100 kg",18813,5754,251
SC,import,2026,89033100,"Barcos a motor, exceto os infláveis, não equipados com motor fora de borda, de comprimento não superior a 7,5 m",14098,3906,31
SC,import,2026,89032200,"Barcos à vela, exceto os infláveis, mesmo com motor auxiliar de comprimento superior a 7,5 m, mas não superior a 24 m",6173,58,4
SC,import,2026,89031900,"Outros barcos infláveis, mesmo com casco rígido, não classificados em códigos anteriores",5682,1897,150
SC,import,2025,89039300,"Outros iates e outros barcos e embarcações de recreio ou de esporte; barcos a remos e canoas, de comprimento não superior a 7,5 m",115742465,4407119,12718
SC,import,2025,89033200,"Barcos a motor, exceto os infláveis, não equipados com motor fora de borda, de comprimento superior a 7,5 m, mas não superior a 24 m",1592066,42293,4
SC,import,2025,89032200,"Barcos à vela, exceto os infláveis, mesmo com motor auxiliar de comprimento superior a 7,5 m, mas não superior a 24 m",473002,32501,4
SC,import,2025,89032100,"Barcos à vela, exceto os infláveis, mesmo com motor auxiliar de comprimento não superior a 7,5 m",143987,2055,79
SC,import,2025,89031200,"Barcos infláveis, mesmo com casco rígido, não concebidos para serem utilizados com um motor e de peso vazio (sem carga) não superior a 100 kg",131855,24222,4517
SC,import,2025,89039900,"Outros barcos/embarcações de recreio/esporte, inclusive canoas",127752,1274,103
SC,import,2025,89031900,"Outros barcos infláveis, mesmo com casco rígido, não classificados em códigos anteriores",47298,7494,1110
SC,import,2025,89031100,"Barcos infláveis, mesmo com casco rígido, equipados com um motor ou concebidos para comportá-lo, de peso vazio (sem carga) sem motor não superior a 100 kg",45940,14243,1355
SC,import,2025,89033100,"Barcos a motor, exceto os infláveis, não equipados com motor fora de borda, de comprimento não superior a 7,5 m",38759,1232,7
SC,import,2024,89039300,"Outros iates e outros barcos e embarcações de recreio ou de esporte; barcos a remos e canoas, de comprimento não superior a 7,5 m",134087249,4875958,13903
SC,import,2024,89033100,"Barcos a motor, exceto os infláveis, não equipados com motor fora de borda, de comprimento não superior a 7,5 m",2014491,99021,92
SC,import,2024,89039900,"Outros barcos/embarcações de recreio/esporte, inclusive canoas",348075,10591,323
SC,import,2024,89032100,"Barcos à vela, exceto os infláveis, mesmo com motor auxiliar de comprimento não superior a 7,5 m",116153,978,51
SC,import,2024,89032300,"Barcos à vela, exceto os infláveis, mesmo com motor auxiliar de comprimento superior a 24 m",57126,102000,1
SC,import,2024,89031100,"Barcos infláveis, mesmo com casco rígido, equipados com um motor ou concebidos para comportá-lo, de peso vazio (sem carga) sem motor não superior a 100 kg",32506,9968,646
SC,import,2024,89031200,"Barcos infláveis, mesmo com casco rígido, não concebidos para serem utilizados com um motor e de peso vazio (sem carga) não superior a 100 kg",26628,4170,1967
SC,import,2024,89031900,"Outros barcos infláveis, mesmo com casco rígido, não classificados em códigos anteriores",22611,7033,2148
SC,import,2023,89039300,"Outros iates e outros barcos e embarcações de recreio ou de esporte; barcos a remos e canoas, de comprimento não superior a 7,5 m",99135046,3517570,10193
SC,import,2023,89033300,"Barcos a motor, exceto os infláveis, não equipados com motor fora de borda, de comprimento superior a 24 m",17032069,272085,1
SC,import,2023,89033200,"Barcos a motor, exceto os infláveis, não equipados com motor fora de borda, de comprimento superior a 7,5 m, mas não superior a 24 m",976034,9000,1
SC,import,2023,89033100,"Barcos a motor, exceto os infláveis, não equipados com motor fora de borda, de comprimento não superior a 7,5 m",694817,34442,32
SC,import,2023,89039900,"Outros barcos/embarcações de recreio/esporte, inclusive canoas",179632,4670,60
SC,import,2023,89031200,"Barcos infláveis, mesmo com casco rígido, não concebidos para serem utilizados com um motor e de peso vazio (sem carga) não superior a 100 kg",126643,10785,1994
SC,import,2023,89031900,"Outros barcos infláveis, mesmo com casco rígido, não classificados em códigos anteriores",43125,543,23
SC,import,2023,89032100,"Barcos à vela, exceto os infláveis, mesmo com motor auxiliar de comprimento não superior a 7,5 m",41805,431,18
SC,import,2023,89031100,"Barcos infláveis, mesmo com casco rígido, equipados com um motor ou concebidos para comportá-lo, de peso vazio (sem carga) sem motor não superior a 100 kg",2170,823,124
SC,import,2022,89039300,"Outros iates e outros barcos e embarcações de recreio ou de esporte; barcos a remos e canoas, de comprimento não superior a 7,5 m",68000893,2650304,8297
SC,import,2022,89033300,"Barcos a motor, exceto os infláveis, não equipados com motor fora de borda, de comprimento superior a 24 m",7220847,130000,1
SC,import,2022,89039900,"Outros barcos/embarcações de recreio/esporte, inclusive canoas",5713550,276127,1066
SC,import,2022,89031200,"Barcos infláveis, mesmo com casco rígido, não concebidos para serem utilizados com um motor e de peso vazio (sem carga) não superior a 100 kg",139646,13439,2055
SC,import,2022,89031900,"Outros barcos infláveis, mesmo com casco rígido, não classificados em códigos anteriores",104366,23770,2386
SC,import,2022,89032200,"Barcos à vela, exceto os infláveis, mesmo com motor auxiliar de comprimento superior a 7,5 m, mas não superior a 24 m",68000,7900,1
SC,import,2022,89031100,"Barcos infláveis, mesmo com casco rígido, equipados com um motor ou concebidos para comportá-lo, de peso vazio (sem carga) sem motor não superior a 100 kg",38756,9865,3243
SC,import,2022,89031000,Barcos infláveis,21273,6289,551
SC,import,2022,89032100,"Barcos à vela, exceto os infláveis, mesmo com motor auxiliar de comprimento não superior a 7,5 m",19371,810,12
SC,import,2022,89039100,"Barcos a vela, mesmo com motor auxiliar",5593,265,2
SC,import,2021,89039900,"Outros barcos/embarcações de recreio/esporte, inclusive canoas",48186430,2580640,8165
SC,import,2021,89039200,"Barcos a motor, exceto com motor fora-de-borda",11561531,218556,19
SC,import,2021,89039100,"Barcos a vela, mesmo com motor auxiliar",1198576,31435,1
SC,import,2021,89031000,Barcos infláveis,260226,74110,7657
SC,import,2020,89039900,"Outros barcos/embarcações de recreio/esporte, inclusive canoas",25002267,1410072,4687
SC,import,2020,89039100,"Barcos a vela, mesmo com motor auxiliar",87102,3136,21
SC,import,2020,89031000,Barcos infláveis,83062,28446,4127
SC,import,2019,89039900,"Outros barcos/embarcações de recreio/esporte, inclusive canoas",40270718,2023392,6272
SC,import,2019,89039200,"Barcos a motor, exceto com motor fora-de-borda",1871730,66296,27
SC,import,2019,89031000,Barcos infláveis,129541,44408,6505
SC,import,2019,89039100,"Barcos a vela, mesmo com motor auxiliar",35149,1147,31
SC,import,2018,89039900,"Outros barcos/embarcações de recreio/esporte, inclusive canoas",29851774,1568183,4946
SC,import,2018,89039200,"Barcos a motor, exceto com motor fora-de-borda",2800822,79013,35
SC,import,2018,89031000,Barcos infláveis,264344,71278,8525
SC,import,2018,89039100,"Barcos a vela, mesmo com motor auxiliar",23171,864,20
SC,import,2017,89039900,"Outros barcos/embarcações de recreio/esporte, inclusive canoas",22143257,1131250,3845
SC,import,2017,89039200,"Barcos a motor, exceto com motor fora-de-borda",2400069,65000,1
SC,import,2017,89031000,Barcos infláveis,204750,67079,6223
SC,import,2017,89039100,"Barcos a vela, mesmo com motor auxiliar",54193,2444,17
SC,import,2016,89039900,"Outros barcos/embarcações de recreio/esporte, inclusive canoas",7152072,393180,1411
SC,import,2016,89039200,"Barcos a motor, exceto com motor fora-de-borda",3342470,90000,1
SC,import,2016,89031000,Barcos infláveis,110007,30115,2978
SC,import,2016,89039100,"Barcos a vela, mesmo com motor auxiliar",29116,1248,12
SC,import,2015,89039900,"Outros barcos/embarcações de recreio/esporte, inclusive canoas",12183647,855198,2899
SC,import,2015,89039200,"Barcos a motor, exceto com motor fora-de-borda",2362352,58035,3
SC,import,2015,89031000,Barcos infláveis,168704,40002,8980
SC,import,2015,89039100,"Barcos a vela, mesmo com motor auxiliar",27921,1256,11
SC,import,2014,89039900,"Outros barcos/embarcações de recreio/esporte, inclusive canoas",23026371,1270693,4348
SC,import,2014,89039200,"Barcos a motor, exceto com motor fora-de-borda",12409143,208680,5
SC,import,2014,89031000,Barcos infláveis,210223,42810,15383
SC,import,2013,89039900,"Outros barcos/embarcações de recreio/esporte, inclusive canoas",25419093,1243100,3633
SC,import,2013,89039200,"Barcos a motor, exceto com motor fora-de-borda",13451421,353079,15
SC,import,2013,89031000,Barcos infláveis,248247,68163,25106
SC,import,2013,89039100,"Barcos a vela, mesmo com motor auxiliar",25984,320,3
SC,import,2012,89039900,"Outros barcos/embarcações de recreio/esporte, inclusive canoas",25837567,1232450,3491
SC,import,2012,89039200,"Barcos a motor, exceto com motor fora-de-borda",24821089,680060,150
SC,import,2012,89039100,"Barcos a vela, mesmo com motor auxiliar",237388,13400,1
SC,import,2012,89031000,Barcos infláveis,117057,33659,9528
SC,import,2011,89039200,"Barcos a motor, exceto com motor fora-de-borda",63177465,1277027,171
SC,import,2011,89039900,"Outros barcos/embarcações de recreio/esporte, inclusive canoas",26201206,1132970,3244
SC,import,2011,89039100,"Barcos a vela, mesmo com motor auxiliar",310467,10988,4
SC,import,2011,89031000,Barcos infláveis,254853,99054,43195
SC,import,2010,89039200,"Barcos a motor, exceto com motor fora-de-borda",42684531,999811,7549
SC,import,2010,89039900,"Outros barcos/embarcações de recreio/esporte, inclusive canoas",15607519,774679,2014
SC,import,2010,89039100,"Barcos a vela, mesmo com motor auxiliar",216706,8318,2
SC,import,2010,89031000,Barcos infláveis,150088,57687,20601
