recorte,flow,year,country,metricFOB,metricKG,metricStatistic
BR,export,2026,Estados Unidos,14366808,315675,51
BR,export,2026,Espanha,3055405,34200,3
BR,export,2026,Paraguai,2643676,52150,12
BR,export,2026,Itália,2014158,44586,2
BR,export,2026,Panamá,1562580,30000,1
BR,export,2026,França,1100000,30000,1
BR,export,2026,Estados Unidos,873788,16000,4
BR,export,2026,México,748445,10900,1
BR,export,2026,Uruguai,467592,17736,177
BR,export,2026,Hong Kong,448815,9000,1
BR,export,2026,Malta,365078,7000,2
BR,export,2026,Turquia,310760,10200,1
BR,export,2026,Equador,257000,6000,1
BR,export,2026,Uruguai,246658,6770,1
BR,export,2026,Colômbia,246051,11908,10
BR,export,2026,Canadá,213686,6000,1
BR,export,2026,Guiana,173999,15695,146
BR,export,2026,Paraguai,170946,4741,27
BR,export,2026,Estados Unidos,170910,4000,1
BR,export,2026,Colômbia,151265,5020,9
BR,export,2026,Malta,150400,7000,2
BR,export,2026,Colômbia,143466,6580,8
BR,export,2026,França,106970,3500,1
BR,export,2026,Argentina,96239,3500,1
BR,export,2026,Croácia,93867,2300,1
BR,export,2026,Paraguai,76349,3300,5
BR,export,2026,Malta,40000,2395,3
BR,export,2026,Argentina,34262,1640,20
BR,export,2026,Chipre,34178,1400,2
BR,export,2026,Zâmbia,34145,700,1
BR,export,2026,Uruguai,33709,1960,23
BR,export,2026,Croácia,31560,1500,1
BR,export,2026,Chipre,19742,936,1
BR,export,2026,Chile,18455,2060,70
BR,export,2026,Suriname,13933,1810,6
BR,export,2026,Peru,10340,609,3
BR,export,2026,Alemanha,10044,54,1
BR,export,2026,Bolívia,6276,180,3
BR,export,2026,Costa Rica,5010,150,1
BR,export,2026,Guiana Francesa,4917,1090,4
BR,export,2026,Argentina,3871,144,4
BR,export,2026,Portugal,3256,612,4
BR,export,2026,Espanha,1714,15,90
BR,export,2026,Países Baixos (Holanda),1149,41,1
BR,export,2026,França,879,37,1
BR,export,2026,Grécia,497,60,10
BR,export,2026,Chipre,341,2,1
BR,export,2026,Países Baixos (Holanda),117,1,1
BR,export,2026,Panamá,84,3,2
BR,export,2026,Barbados,7,0,7
BR,export,2025,Estados Unidos,21424816,506052,81
BR,export,2025,Estados Unidos,10169014,221915,31
BR,export,2025,Portugal,6989091,92960,1
BR,export,2025,Itália,3821345,89172,4
BR,export,2025,Argentina,1815000,40485,2
BR,export,2025,Bélgica,1193636,19900,2
BR,export,2025,Panamá,1073737,22293,1
BR,export,2025,Austrália,997376,19085,9
BR,export,2025,México,875786,29916,4
BR,export,2025,Paraguai,839465,28330,13
BR,export,2025,Austrália,830928,11900,1
BR,export,2025,França,793692,10900,1
BR,export,2025,França,784816,5150,1
BR,export,2025,Panamá,645616,11110,17
BR,export,2025,México,494172,12240,2
BR,export,2025,Colômbia,325734,10375,25
BR,export,2025,Guatemala,316336,6000,1
BR,export,2025,Espanha,297798,6003,35
BR,export,2025,Colômbia,281494,12488,12
BR,export,2025,Espanha,252561,6000,1
BR,export,2025,Bélgica,248863,6000,1
BR,export,2025,Paraguai,193424,9104,19
BR,export,2025,Guiana,188001,19015,120
BR,export,2025,Uruguai,184873,12764,284
BR,export,2025,Turquia,163231,8500,1
BR,export,2025,Chile,153479,5008,3
BR,export,2025,Uruguai,141506,10580,246
BR,export,2025,Paraguai,141174,7513,11
BR,export,2025,Paraguai,134508,5635,6
BR,export,2025,Estados Unidos,133810,2841,9
BR,export,2025,Albânia,116380,3000,1
BR,export,2025,Colômbia,84810,2954,2
BR,export,2025,Uruguai,71147,2300,1
BR,export,2025,Noruega,61853,88,2
BR,export,2025,Argentina,58000,1600,4
BR,export,2025,Chile,49438,3450,97
BR,export,2025,Argentina,38181,1082,1
BR,export,2025,Noruega,30655,18,1
BR,export,2025,Argentina,28000,2400,21
BR,export,2025,Guiné-Bissau,25802,680,1
BR,export,2025,Países Baixos (Holanda),22093,800,1
BR,export,2025,Estados Unidos,21109,2349,7
BR,export,2025,Suriname,19864,1800,10
BR,export,2025,"Congo, República Democrática",18700,750,1
BR,export,2025,Bolívia,13103,618,292
BR,export,2025,Uruguai,9533,530,1
BR,export,2025,Venezuela,7846,930,7
BR,export,2025,Portugal,6700,592,6
BR,export,2025,Portugal,5588,800,1
BR,export,2025,Guiana,2925,195,3
BR,export,2025,Grécia,2797,20,190
BR,export,2025,Guiana Francesa,2455,1000,2
BR,export,2025,Guiana,2080,500,1
BR,export,2025,França,50,36,1
BR,export,2025,Hong Kong,0,0,0
BR,export,2024,Estados Unidos,22151332,567850,91
BR,export,2024,Estados Unidos,18213552,352523,52
BR,export,2024,Itália,8608986,207728,8
BR,export,2024,Itália,5407037,92960,1
BR,export,2024,Paraguai,3190477,48299,7
BR,export,2024,Uruguai,1810602,35700,2
BR,export,2024,Espanha,863281,18014,133
BR,export,2024,Austrália,713664,10900,1
BR,export,2024,Bélgica,700000,10900,1
BR,export,2024,Colômbia,563054,15230,12
BR,export,2024,Emirados Árabes Unidos,437736,14170,5
BR,export,2024,Colômbia,373371,19550,18
BR,export,2024,Uruguai,359605,13878,222
BR,export,2024,Estados Unidos,340106,10856,6
BR,export,2024,Turquia,335660,10800,1
BR,export,2024,Suíça,322886,10800,1
BR,export,2024,Portugal,314335,10060,17
BR,export,2024,"Cayman, Ilhas",272452,6000,1
BR,export,2024,Paraguai,227431,9130,16
BR,export,2024,México,209511,6750,1
BR,export,2024,Porto Rico,206241,3400,1
BR,export,2024,Países Baixos (Holanda),180000,5600,1
BR,export,2024,México,166009,5650,1
BR,export,2024,Paraguai,164820,6700,6
BR,export,2024,Noruega,153171,205,7
BR,export,2024,Turquia,146145,6100,1
BR,export,2024,Chile,135420,3500,1
BR,export,2024,Paraguai,125874,7545,11
BR,export,2024,Itália,119897,3549,3
BR,export,2024,Argentina,108082,2501,3
BR,export,2024,Países Baixos (Holanda),96068,3400,1
BR,export,2024,Chile,82400,1449,2
BR,export,2024,Reino Unido,79380,4590,54
BR,export,2024,Guiana,70279,8355,48
BR,export,2024,Uruguai,69435,5043,116
BR,export,2024,Suíça,69273,2050,1
BR,export,2024,Países Baixos (Holanda),61507,3200,2
BR,export,2024,Noruega,56287,87,2
BR,export,2024,Chile,52635,5355,180
BR,export,2024,Estados Unidos,51173,1520,2
BR,export,2024,Chile,44997,1643,1
BR,export,2024,Porto Rico,42080,1790,2
BR,export,2024,Estados Unidos,38173,678,5
BR,export,2024,Argentina,33696,1670,18
BR,export,2024,Uruguai,33239,1505,2
BR,export,2024,Argentina,21600,1050,10
BR,export,2024,Guiana Francesa,14774,1053,5
BR,export,2024,Canadá,13711,97,3
BR,export,2024,Países Baixos (Holanda),9896,129,4
BR,export,2024,Bolívia,9590,674,2
BR,export,2024,Estados Unidos,8550,11,1
BR,export,2024,Paraguai,5878,112,1
BR,export,2024,Guatemala,3220,174,4
BR,export,2024,Reino Unido,1760,33,4
BR,export,2024,Singapura,278,5,3
BR,export,2024,Lituânia,178,1,1
BR,export,2024,Uruguai,164,61,12
BR,export,2023,Estados Unidos,20118916,463465,87
BR,export,2023,Estados Unidos,16238953,291123,22
BR,export,2023,Itália,7448636,193036,8
BR,export,2023,Itália,5344304,92960,1
BR,export,2023,Costa Rica,2279000,41000,2
BR,export,2023,Porto Rico,1723843,41400,5
BR,export,2023,Turquia,1452868,45970,10
BR,export,2023,Emirados Árabes Unidos,1434282,46720,3
BR,export,2023,Bélgica,1302700,27000,2
BR,export,2023,Austrália,1189627,18300,1
BR,export,2023,Equador,1107600,18300,1
BR,export,2023,Canadá,778586,14961,409
BR,export,2023,Paraguai,775983,25720,10
BR,export,2023,Itália,735755,15500,3
BR,export,2023,Nova Zelândia,570000,12500,1
BR,export,2023,Austrália,562058,9900,1
BR,export,2023,Equador,426988,9000,1
BR,export,2023,Paraguai,382765,14210,13
BR,export,2023,México,336799,10158,2
BR,export,2023,Peru,294185,10616,3
BR,export,2023,Canadá,281625,6000,1
BR,export,2023,México,276481,7402,4
BR,export,2023,Alemanha,267907,6000,1
BR,export,2023,Uruguai,255013,14863,295
BR,export,2023,Estados Unidos,208491,6922,137
BR,export,2023,Colômbia,195037,10080,10
BR,export,2023,Estados Unidos,175974,7049,21
BR,export,2023,Emirados Árabes Unidos,168327,4950,3
BR,export,2023,Uruguai,153078,9208,157
BR,export,2023,Espanha,150858,4000,2
BR,export,2023,Reino Unido,149250,131,1
BR,export,2023,Estados Unidos,130418,9245,5
BR,export,2023,Espanha,123342,3500,2
BR,export,2023,República Dominicana,119372,5745,5
BR,export,2023,Paraguai,110819,4720,4
BR,export,2023,Peru,84025,3600,2
BR,export,2023,Países Baixos (Holanda),77620,5370,6
BR,export,2023,Noruega,69079,130,3
BR,export,2023,Uruguai,65920,3350,2
BR,export,2023,Alemanha,65344,2463,2
BR,export,2023,Guiana,52812,6748,40
BR,export,2023,Turquia,50025,2395,3
BR,export,2023,Noruega,47332,120,3
BR,export,2023,Países Baixos (Holanda),44616,86,2
BR,export,2023,Guiana Francesa,35788,4784,22
BR,export,2023,Alemanha,30860,1320,1
BR,export,2023,Panamá,25200,216,12
BR,export,2023,Países Baixos (Holanda),24548,53,1
BR,export,2023,Porto Rico,23930,1015,2
BR,export,2023,Paraguai,23352,2408,25
BR,export,2023,Emirados Árabes Unidos,21830,895,1
BR,export,2023,Argentina,18550,900,10
BR,export,2023,Suécia,11000,3000,1
BR,export,2023,França,10526,580,1
BR,export,2023,"Marshall, Ilhas",10000,110,1
BR,export,2023,Portugal,8947,590,3
BR,export,2023,Bolívia,8563,375,1
BR,export,2023,Porto Rico,5914,186,4
BR,export,2023,Portugal,4790,350,2
BR,export,2023,Equador,3950,44,2
BR,export,2023,Espanha,2313,17,136
BR,export,2023,Emirados Árabes Unidos,1730,85,1
BR,export,2023,Reino Unido,1536,85,5
BR,export,2023,Guiana,769,100,1
BR,export,2023,Uruguai,410,100,30
BR,export,2023,Bélgica,4,7,1
BR,export,2022,Estados Unidos,13970216,336857,53
BR,export,2022,Estados Unidos,12609557,241650,17
BR,export,2022,Itália,5735854,163142,6
BR,export,2022,Estados Unidos,5174809,126301,12
BR,export,2022,Paraguai,2283630,34600,3
BR,export,2022,Suíça,2203274,64480,1
BR,export,2022,Itália,1878019,52200,2
BR,export,2022,Austrália,1665592,35900,3
BR,export,2022,Colômbia,1662725,37700,1
BR,export,2022,Equador,945414,18300,1
BR,export,2022,Japão,873383,20000,1
BR,export,2022,Espanha,662126,20100,2
BR,export,2022,Paraguai,603360,21589,129
BR,export,2022,Turquia,474939,19500,6
BR,export,2022,Equador,346718,8700,2
BR,export,2022,Costa Rica,345315,9000,1
BR,export,2022,Países Baixos (Holanda),318496,10900,6
BR,export,2022,Espanha,299028,8000,4
BR,export,2022,Canadá,277941,5727,152
BR,export,2022,Bélgica,245713,6000,1
BR,export,2022,Espanha,230750,6100,4
BR,export,2022,Chile,210864,8500,1
BR,export,2022,Uruguai,209552,14088,398
BR,export,2022,República Dominicana,187966,3900,1
BR,export,2022,México,180911,7360,2
BR,export,2022,Seicheles,174732,6000,1
BR,export,2022,Turquia,173920,8795,7
BR,export,2022,Reino Unido,166524,3900,1
BR,export,2022,Argentina,166430,11100,7
BR,export,2022,Paraguai,163019,9725,12
BR,export,2022,Portugal,161631,7850,3
BR,export,2022,Curaçao,152546,3760,1
BR,export,2022,Turquia,138060,6620,2
BR,export,2022,Alemanha,132940,3200,2
BR,export,2022,Espanha,124859,6050,6
BR,export,2022,Chile,119329,3950,1
BR,export,2022,França,116720,6895,22
BR,export,2022,Porto Rico,115040,3400,1
BR,export,2022,Estados Unidos,112049,4497,17
BR,export,2022,Emirados Árabes Unidos,105908,4000,2
BR,export,2022,Paraguai,104457,3600,2
BR,export,2022,Argentina,100772,5455,62
BR,export,2022,Estados Unidos,91431,2525,44
BR,export,2022,Vietnã,91306,5100,4
BR,export,2022,Peru,85000,10720,1
BR,export,2022,Uruguai,79499,5089,98
BR,export,2022,Estados Unidos,74944,5707,4
BR,export,2022,Países Baixos (Holanda),73367,131,3
BR,export,2022,Nova Zelândia,71674,2900,4
BR,export,2022,Nova Zelândia,66348,4200,3
BR,export,2022,Paraguai,62073,2320,1
BR,export,2022,Estados Unidos,61806,2110,9
BR,export,2022,Emirados Árabes Unidos,53780,2500,1
BR,export,2022,Noruega,48883,86,2
BR,export,2022,Guiana,47878,3428,76
BR,export,2022,Bulgária,43051,1230,4
BR,export,2022,Vietnã,42168,2800,4
BR,export,2022,Coreia do Sul,39740,1300,2
BR,export,2022,Guatemala,38612,1360,1
BR,export,2022,Países Baixos (Holanda),37481,82,2
BR,export,2022,Dinamarca,34800,1300,2
BR,export,2022,Argentina,34700,2395,3
BR,export,2022,Alemanha,30638,1500,2
BR,export,2022,Espanha,28988,2300,1
BR,export,2022,Colômbia,27438,1300,2
BR,export,2022,Guiana Francesa,24358,3892,12
BR,export,2022,Países Baixos (Holanda),23982,48,2
BR,export,2022,Coveite (Kuweit),22450,1800,1
BR,export,2022,Países Baixos (Holanda),20602,1800,1
BR,export,2022,Nova Zelândia,15604,895,1
BR,export,2022,Austrália,15496,440,2
BR,export,2022,Guatemala,12474,330,6
BR,export,2022,Venezuela,9500,710,6
BR,export,2022,Bulgária,7590,174,4
BR,export,2022,Guiana,4363,90030,6
BR,export,2022,Grécia,3889,21,160
BR,export,2022,Bolívia,2073,92,1
BR,export,2022,"Marshall, Ilhas",707,9,1
BR,export,2022,Angola,559,28,1
BR,export,2022,Espanha,335,1,20
BR,export,2022,Bolívia,141,4,1
BR,export,2021,Estados Unidos,9862125,230895,16
BR,export,2021,Estados Unidos,7831131,226374,37
BR,export,2021,Paraguai,1995253,70325,75
BR,export,2021,Austrália,1990536,46145,4
BR,export,2021,França,1769478,42000,2
BR,export,2021,Turquia,1070503,56300,16
BR,export,2021,Paraguai,707382,46014,3393
BR,export,2021,Austrália,412082,13300,2
BR,export,2021,Uruguai,379240,27199,646
BR,export,2021,Turquia,329500,8100,3
BR,export,2021,Canadá,304780,9500,1
BR,export,2021,Emirados Árabes Unidos,286887,9500,1
BR,export,2021,Singapura,252784,6000,1
BR,export,2021,República Dominicana,232233,6000,1
BR,export,2021,Estados Unidos,229819,15469,53
BR,export,2021,Países Baixos (Holanda),225083,487,11
BR,export,2021,Bélgica,224161,6000,1
BR,export,2021,Equador,178512,5400,1
BR,export,2021,Porto Rico,178500,5400,1
BR,export,2021,Noruega,176334,279,9
BR,export,2021,Espanha,175096,11000,1
BR,export,2021,Países Baixos (Holanda),154005,11850,15
BR,export,2021,Argentina,149173,9290,94
BR,export,2021,Países Baixos (Holanda),118385,8092,3
BR,export,2021,Guiana,82930,6790,132
BR,export,2021,Austrália,62877,2180,9
BR,export,2021,Suíça,62000,2800,1
BR,export,2021,Argentina,55687,4400,3
BR,export,2021,França,54657,3042,7
BR,export,2021,Dinamarca,47016,1750,3
BR,export,2021,Guiana Francesa,43639,6686,31
BR,export,2021,Canadá,41106,231,5
BR,export,2021,Canadá,39961,692,4
BR,export,2021,Portugal,37620,1478,5
BR,export,2021,Coveite (Kuweit),34704,1500,2
BR,export,2021,Uruguai,29111,1992,24
BR,export,2021,Portugal,13908,5000,1
BR,export,2021,Porto Rico,12240,183,8
BR,export,2021,Peru,11250,600,1
BR,export,2021,Colômbia,4936,300,2
BR,export,2021,Bolívia,4684,1200,1
BR,export,2021,Uruguai,4386,128,1
BR,export,2021,Chile,4330,162,3
BR,export,2021,Grécia,4323,20,160
BR,export,2021,Japão,3604,46,2
BR,export,2021,Angola,2855,440,4
BR,export,2021,Cabo Verde,2338,117,10
BR,export,2021,Espanha,1989,6,104
BR,export,2021,Suriname,1823,52,1
BR,export,2021,"Marshall, Ilhas",57,2,2
BR,export,2021,Hong Kong,44,1,1
BR,export,2020,Itália,4462413,71100,2
BR,export,2020,Estados Unidos,3742042,96156,52
BR,export,2020,Estados Unidos,3530302,94555,8
BR,export,2020,"Virgens, Ilhas (Americanas)",2030000,44000,1
BR,export,2020,França,866255,18000,1
BR,export,2020,Argentina,806066,35100,5
BR,export,2020,Turquia,730880,37700,11
BR,export,2020,Paraguai,395555,15668,4
BR,export,2020,Paraguai,299647,16837,235
BR,export,2020,Países Baixos (Holanda),263223,443,54
BR,export,2020,Bahamas,155660,3760,1
BR,export,2020,Uruguai,151935,11792,224
BR,export,2020,Japão,78323,3295,1
BR,export,2020,Estados Unidos,74803,1732,24
BR,export,2020,Países Baixos (Holanda),73114,6200,12
BR,export,2020,Irlanda,69392,198,4
BR,export,2020,Turquia,65228,1300,1
BR,export,2020,Guiana Francesa,64511,6959,60
BR,export,2020,Canadá,64113,2200,1
BR,export,2020,Uruguai,42644,2600,1
BR,export,2020,Emirados Árabes Unidos,38512,2200,1
BR,export,2020,Dinamarca,34863,1350,2
BR,export,2020,Suíça,18360,268,12
BR,export,2020,França,18065,54,2
BR,export,2020,Colômbia,17603,995,7
BR,export,2020,Uruguai,12650,20,7
BR,export,2020,França,11864,1100,1250
BR,export,2020,Portugal,7842,370,2
BR,export,2020,França,6596,252,8
BR,export,2020,Argentina,6000,950,10
BR,export,2020,Austrália,4590,69,3
BR,export,2020,Chile,3674,46,2
BR,export,2020,Canadá,3120,53,1
BR,export,2020,Canadá,2906,39,1
BR,export,2020,Grécia,2351,13,90
BR,export,2020,Espanha,1153,4,55
BR,export,2020,Angola,1037,64,2
BR,export,2020,Guiana,996,80,1
BR,export,2020,Hong Kong,165,9,2
BR,export,2020,Itália,135,25,1
BR,export,2019,Estados Unidos,6683513,136500,13
BR,export,2019,Estados Unidos,5667373,159050,8
BR,export,2019,Paraguai,4367597,107906,19
BR,export,2019,Itália,2048676,40300,2
BR,export,2019,Bahamas,1032727,18000,1
BR,export,2019,Colômbia,906483,21800,1
BR,export,2019,"Cayman, Ilhas",584881,12700,2
BR,export,2019,Noruega,307928,569,16
BR,export,2019,Argentina,287770,20700,6
BR,export,2019,Paraguai,238555,21915,143
BR,export,2019,Turquia,215600,9800,4
BR,export,2019,Tailândia,150000,5700,1
BR,export,2019,Argentina,135872,8065,43
BR,export,2019,Índia,116340,3250,5
BR,export,2019,Estados Unidos,115923,515,14
BR,export,2019,Portugal,115462,2644,23
BR,export,2019,Países Baixos (Holanda),98090,61,2
BR,export,2019,Emirados Árabes Unidos,85316,3295,1
BR,export,2019,Colômbia,76790,5900,4
BR,export,2019,Suriname,72368,7667,1
BR,export,2019,Nova Zelândia,67602,3400,4
BR,export,2019,Uruguai,59314,3305,46
BR,export,2019,Suíça,35847,1350,3
BR,export,2019,Irlanda,25048,64,4
BR,export,2019,Portugal,21921,795,3
BR,export,2019,Guiana Francesa,13656,1595,8
BR,export,2019,Austrália,12607,850,1
BR,export,2019,Guiana,7723,380,4
BR,export,2019,Suriname,7045,750,5
BR,export,2019,Grécia,1152,45,45
BR,export,2019,Países Baixos (Holanda),914,108,36
BR,export,2019,Espanha,600,2,29
BR,export,2019,Emirados Árabes Unidos,108,131,1
BR,export,2019,Angola,98,36,1
BR,export,2018,Estados Unidos,7276127,152708,9
BR,export,2018,Estados Unidos,5626950,129020,16
BR,export,2018,Paraguai,3131616,89600,11
BR,export,2018,Uruguai,1150000,21800,1
BR,export,2018,Itália,481172,10500,1
BR,export,2018,Paraguai,365105,26370,116
BR,export,2018,Noruega,241184,410,13
BR,export,2018,Argentina,176507,11598,65
BR,export,2018,Austrália,128308,3900,1
BR,export,2018,Colômbia,101588,6895,23
BR,export,2018,Bolívia,84000,920,8
BR,export,2018,Estados Unidos,82302,2241,20
BR,export,2018,Uruguai,52922,3845,53
BR,export,2018,Alemanha,52150,6200,1
BR,export,2018,Chile,46672,1008,4
BR,export,2018,Argentina,43893,2750,2
BR,export,2018,Turquia,41378,4900,1
BR,export,2018,Nova Zelândia,6200,91,2
BR,export,2018,Grécia,2055,9,89
BR,export,2018,Bolívia,1686,140,2
BR,export,2018,Espanha,47,0,5
BR,export,2017,Estados Unidos,5252236,110900,12
BR,export,2017,Estados Unidos,5090501,128910,14
BR,export,2017,Argentina,3456538,144312,37
BR,export,2017,Paraguai,1882892,72398,12
BR,export,2017,Emirados Árabes Unidos,980000,20000,2
BR,export,2017,Panamá,469777,11200,1
BR,export,2017,Argentina,345636,20800,127
BR,export,2017,Noruega,295289,1925,15
BR,export,2017,Uruguai,195882,13489,113
BR,export,2017,Índia,195000,5100,6
BR,export,2017,Paraguai,153006,13405,226
BR,export,2017,Colômbia,149501,10480,39
BR,export,2017,Peru,126089,3900,2
BR,export,2017,Polônia,114086,4000,1
BR,export,2017,Espanha,100015,6028,125
BR,export,2017,Austrália,60685,1800,1
BR,export,2017,Bélgica,52270,7740,1
BR,export,2017,Argentina,21540,180,2
BR,export,2017,Austrália,19361,950,1
BR,export,2017,Peru,18977,1217,8
BR,export,2017,Canadá,18250,81,2
BR,export,2017,Singapura,8663,27,1
BR,export,2017,Alemanha,3900,32,1
BR,export,2017,Bolívia,3278,605,5
BR,export,2017,Bolívia,3145,340,4
BR,export,2017,Angola,3097,240,2
BR,export,2017,Grécia,788,6,53
BR,export,2016,Estados Unidos,9345826,341440,17
BR,export,2016,Itália,3752777,65900,2
BR,export,2016,Argentina,2286484,103504,354
BR,export,2016,Estados Unidos,2152008,41207,34
BR,export,2016,Uruguai,1238955,23735,3
BR,export,2016,Argentina,968457,40868,17
BR,export,2016,Paraguai,926543,32550,6
BR,export,2016,Austrália,861611,31590,5
BR,export,2016,Colômbia,494501,11200,1
BR,export,2016,Panamá,329239,8560,1
BR,export,2016,Noruega,293479,534,16
BR,export,2016,Uruguai,168544,10410,119
BR,export,2016,Alemanha,124132,6160,5
BR,export,2016,Taiwan (Formosa),99196,2235,3
BR,export,2016,Paraguai,82687,7943,85
BR,export,2016,Malta,65000,3175,1
BR,export,2016,Angola,63545,2500,1
BR,export,2016,Bolívia,63099,5164,111
BR,export,2016,China,55325,1750,2
BR,export,2016,Espanha,45600,1180,1
BR,export,2016,Peru,42393,1800,1
BR,export,2016,Espanha,42103,4500,10
BR,export,2016,Chile,41348,1650,1
BR,export,2016,Angola,40700,1200,1
BR,export,2016,Sérvia,37106,1750,3
BR,export,2016,Estados Unidos,34820,279,5
BR,export,2016,Alemanha,34711,275,58
BR,export,2016,Colômbia,31383,1200,1
BR,export,2016,Peru,28273,1250,2
BR,export,2016,Canadá,12224,147,7
BR,export,2016,Chile,11994,633,3
BR,export,2016,Coveite (Kuweit),9604,110,5
BR,export,2016,Singapura,6580,97,2
BR,export,2016,Bolívia,4773,120,1
BR,export,2016,Reino Unido,4460,52,1
BR,export,2016,Dinamarca,4111,44,2
BR,export,2016,Chile,2408,22,1
BR,export,2016,Peru,2362,20,1
BR,export,2016,Hungria,2301,18,1
BR,export,2016,Suíça,2294,22,1
BR,export,2016,Índia,2259,22,1
BR,export,2016,Austrália,2247,22,1
BR,export,2016,Israel,2000,22,1
BR,export,2016,Espanha,652,3,52
BR,export,2016,Grécia,373,1,29
BR,export,2016,Portugal,142,150,1
BR,export,2015,Estados Unidos,6245674,147872,16
BR,export,2015,Uruguai,1500000,23500,1
BR,export,2015,Paraguai,405000,11200,1
BR,export,2015,Estados Unidos,258056,7211,7
BR,export,2015,Noruega,177322,312,10
BR,export,2015,Estados Unidos,131828,3445,29
BR,export,2015,Paraguai,86224,4844,37
BR,export,2015,Austrália,82064,3600,2
BR,export,2015,Emirados Árabes Unidos,79680,5140,2
BR,export,2015,Bolívia,55154,3068,23
BR,export,2015,Emirados Árabes Unidos,39360,1540,2
BR,export,2015,Uruguai,32250,1695,29
BR,export,2015,Argentina,27444,1469,1
BR,export,2015,Chile,27000,1850,1
BR,export,2015,Países Baixos (Holanda),23023,1800,1
BR,export,2015,Canadá,18880,313,8
BR,export,2015,Venezuela,9276,22,2
BR,export,2015,República Dominicana,8907,250,1
BR,export,2015,Alemanha,6847,75,4
BR,export,2015,Países Baixos (Holanda),5374,34,2
BR,export,2015,Coreia do Sul,4780,70,1
BR,export,2015,Suíça,4638,11,1
BR,export,2015,Rússia,4409,11,1
BR,export,2015,Suíça,2705,150,1
BR,export,2015,Bolívia,2664,100,1
BR,export,2015,Singapura,2280,110,2
BR,export,2015,Angola,1687,88,2
BR,export,2015,Chile,369,6,6
BR,export,2015,Espanha,361,1,23
BR,export,2015,Espanha,294,4,3
BR,export,2015,Grécia,239,1,24
BR,export,2014,Estados Unidos,806956,22600,4
BR,export,2014,Emirados Árabes Unidos,228055,9170,9
BR,export,2014,México,194030,5650,1
BR,export,2014,Estados Unidos,148092,4010,55
BR,export,2014,Coreia do Sul,117000,3200,1
BR,export,2014,Noruega,101437,357,19
BR,export,2014,Emirados Árabes Unidos,90139,3720,2
BR,export,2014,Angola,84464,3270,4
BR,export,2014,Uruguai,80382,3680,61
BR,export,2014,Paraguai,75498,3941,73
BR,export,2014,Portugal,49800,90,1
BR,export,2014,França,28621,67,5
BR,export,2014,Alemanha,22542,85,3
BR,export,2014,Angola,17654,210,7
BR,export,2014,Bolívia,16464,1440,22
BR,export,2014,Índia,9276,22,2
BR,export,2014,Angola,5634,138,1
BR,export,2014,África do Sul,4638,11,1
BR,export,2014,Reino Unido,4636,11,1
BR,export,2014,Equador,3693,166,8
BR,export,2014,Colômbia,1609,94,4
BR,export,2014,Portugal,1388,122,473
BR,export,2014,Países Baixos (Holanda),806,20,1
BR,export,2014,Peru,489,40,1
BR,export,2014,Paraguai,357,7,4
BR,export,2014,Nova Zelândia,325,5,1
BR,export,2014,Uruguai,121,22,2
BR,export,2014,Costa Rica,13,1,1
BR,export,2013,Estados Unidos,431077,9671,50
BR,export,2013,Estados Unidos,336740,587,458
BR,export,2013,Uruguai,218453,10274,332
BR,export,2013,Estados Unidos,198733,5400,1
BR,export,2013,Emirados Árabes Unidos,189269,11104,4
BR,export,2013,Paraguai,101587,5366,46
BR,export,2013,Argentina,98000,3654,1
BR,export,2013,Coreia do Sul,77081,4542,2
BR,export,2013,Noruega,67792,244,7
BR,export,2013,Guiné Equatorial,49957,569,2
BR,export,2013,China,46375,110,10
BR,export,2013,Reino Unido,38000,85,1
BR,export,2013,Venezuela,31854,93,3
BR,export,2013,Finlândia,16453,348,3
BR,export,2013,Argentina,13791,465,1
BR,export,2013,Paraguai,11152,1279,3
BR,export,2013,Emirados Árabes Unidos,10920,2050,3
BR,export,2013,Noruega,9970,44,2
BR,export,2013,Angola,5113,160,1
BR,export,2013,Angola,4726,250,2
BR,export,2013,Quênia,4638,11,1
BR,export,2013,Bolívia,4472,350,5
BR,export,2013,Japão,3000,153,1
BR,export,2013,Portugal,2757,90,2
BR,export,2013,Irlanda,1880,11,1
BR,export,2013,Reino Unido,1610,1000,1
BR,export,2013,Equador,1450,65,3
BR,export,2013,Espanha,654,2,47
BR,export,2013,Paraguai,472,49,24
BR,export,2013,Nova Zelândia,305,4,1
BR,export,2013,Cuba,250,18,1
BR,export,2013,França,242,85,85
BR,export,2012,Estados Unidos,7050000,329940,1
BR,export,2012,Uruguai,161788,8127,299
BR,export,2012,Noruega,156128,818,45
BR,export,2012,Países Baixos (Holanda),147950,8523,6
BR,export,2012,Venezuela,108575,310,10
BR,export,2012,Paraguai,82378,4496,77
BR,export,2012,China,81052,141,6
BR,export,2012,"Virgens, Ilhas (Britânicas)",37308,54,2
BR,export,2012,Hong Kong,36190,54,2
BR,export,2012,Singapura,25746,81,4
BR,export,2012,Aruba,19767,500,34
BR,export,2012,Porto Rico,13252,1877,1
BR,export,2012,Paraguai,11729,1400,1
BR,export,2012,Coveite (Kuweit),9275,22,2
BR,export,2012,Chile,9243,1000,10
BR,export,2012,Canadá,7876,108,3
BR,export,2012,Emirados Árabes Unidos,3657,54,2
BR,export,2012,Estados Unidos,2687,25,1
BR,export,2012,"Cayman, Ilhas",2080,11,1
BR,export,2012,Nova Zelândia,1021,9,23
BR,export,2012,Estados Unidos,197,19,25
BR,export,2012,Portugal,186,2,50
BR,export,2012,Espanha,107,1,5
BR,export,2011,Países Baixos (Holanda),255357,16244,10
BR,export,2011,Noruega,154342,6300,1
BR,export,2011,Noruega,142765,544,18
BR,export,2011,Estados Unidos,140220,2304,15
BR,export,2011,Bélgica,128485,7624,3
BR,export,2011,Uruguai,112601,5687,193
BR,export,2011,Estados Unidos,70000,3000,1
BR,export,2011,Congo,52500,400,2
BR,export,2011,Paraguai,41374,2041,42
BR,export,2011,Equador,38730,918,6
BR,export,2011,Canadá,36291,210,8
BR,export,2011,Reino Unido,15751,74,5
BR,export,2011,Nova Zelândia,14016,143,4
BR,export,2011,Barein,9276,22,2
BR,export,2011,"Cayman, Ilhas",9275,22,2
BR,export,2011,Guatemala,7032,231,107
BR,export,2011,Cazaquistão,4638,11,1
BR,export,2011,Espanha,3517,36,7
BR,export,2011,Espanha,849,3,70
BR,export,2011,Alemanha,378,3,1
BR,export,2010,Itália,10500000,127000,1
BR,export,2010,"Marshall, Ilhas",10277182,105380,1
BR,export,2010,Estados Unidos,5134600,139000,1
BR,export,2010,"Virgens, Ilhas (Britânicas)",690353,63520,1
BR,export,2010,Noruega,625790,36697,17
BR,export,2010,Cuba,264000,7545,1
BR,export,2010,Países Baixos (Holanda),142337,9202,3
BR,export,2010,Estados Unidos,125948,3676,44
BR,export,2010,Antilhas Holandesas,116312,5000,53
BR,export,2010,Bélgica,103555,5304,2
BR,export,2010,Uruguai,96669,6298,177
BR,export,2010,França,94360,194,8
BR,export,2010,Colômbia,80196,5490,9
BR,export,2010,Espanha,69946,2501,42
BR,export,2010,Angola,55822,850,1
BR,export,2010,Países Baixos (Holanda),49950,590,3
BR,export,2010,Paraguai,49106,2466,31
BR,export,2010,Irã,39687,4315,4
BR,export,2010,"Virgens, Ilhas (Americanas)",28074,1424,12
BR,export,2010,Noruega,27869,225,8
BR,export,2010,Singapura,23262,93,3
BR,export,2010,Argentina,12086,550,1
BR,export,2010,Paraguai,10734,150,1
BR,export,2010,Espanha,6495,100,14
BR,export,2010,Reino Unido,6026,70,46
BR,export,2010,Canadá,5786,40,1
BR,export,2010,Austrália,3600,25,60
BR,export,2010,Bolívia,2262,363,147
BR,export,2010,Canadá,1000,13,1
BR,export,2010,Bolívia,637,35,1
BR,export,2010,Hungria,462,9,2
BR,export,2010,Angola,124,27,1
BR,import,2026,México,71259201,2984792,8680
BR,import,2026,Itália,5500000,102,1
BR,import,2026,França,4132204,69795,5
BR,import,2026,Reino Unido,2750000,51500,1
BR,import,2026,Estados Unidos,1919540,41534,134
BR,import,2026,Estados Unidos,1872725,34492,14
BR,import,2026,África do Sul,1074244,20600,1
BR,import,2026,Estados Unidos,864770,15767,3
BR,import,2026,Finlândia,568357,7800,1
BR,import,2026,China,285877,26288,709
BR,import,2026,China,224937,15692,194
BR,import,2026,Alemanha,203905,1306,9
BR,import,2026,Espanha,194589,1200,7
BR,import,2026,Reino Unido,143656,1061,3
BR,import,2026,China,134148,50257,10825
BR,import,2026,Estados Unidos,83939,2535,12
BR,import,2026,China,64654,10605,1093
BR,import,2026,Alemanha,51899,11850,1
BR,import,2026,Reino Unido,41249,510,510
BR,import,2026,China,38170,11596,1001
BR,import,2026,Vietnã,37127,4455,226
BR,import,2026,Japão,35636,928,5
BR,import,2026,África do Sul,35133,417,35
BR,import,2026,Itália,33849,39,1
BR,import,2026,Taiwan (Formosa),33693,2097,90
BR,import,2026,França,32261,172,2
BR,import,2026,Itália,27180,39,2
BR,import,2026,México,22503,6050,47
BR,import,2026,Alemanha,19517,12,1
BR,import,2026,Portugal,16036,184,11
BR,import,2026,China,14098,3906,31
BR,import,2026,Estados Unidos,12500,139,1
BR,import,2026,França,12094,75,1
BR,import,2026,França,12052,111,1
BR,import,2026,Polônia,11106,48,3
BR,import,2026,Áustria,9321,84,1
BR,import,2026,França,6534,51,1
BR,import,2026,China,6173,58,4
BR,import,2026,Canadá,4736,1278,9
BR,import,2026,Canadá,4736,1278,9
BR,import,2026,Nova Zelândia,3058,120,1
BR,import,2026,França,2558,124,6
BR,import,2026,Taiwan (Formosa),1664,86,900
BR,import,2026,"Tcheca, República",931,9,1
BR,import,2026,Hong Kong,300,90,2
BR,import,2026,Hong Kong,70,45,1
BR,import,2025,México,101603640,4042925,11452
BR,import,2025,Estados Unidos,12952923,327774,1069
BR,import,2025,Reino Unido,4799429,66200,2
BR,import,2025,França,2491724,84598,5
BR,import,2025,Japão,2359236,63308,259
BR,import,2025,Espanha,1469592,19500,2
BR,import,2025,Itália,1184911,33293,3
BR,import,2025,Estados Unidos,1060564,26315,9
BR,import,2025,Estados Unidos,894873,10820,6
BR,import,2025,Estados Unidos,861866,14321,6
BR,import,2025,Reino Unido,727634,4852,7
BR,import,2025,Finlândia,691144,13200,1
BR,import,2025,Brasil,407155,9000,1
BR,import,2025,Finlândia,253961,36000,1
BR,import,2025,Alemanha,204622,10211,1
BR,import,2025,China,187674,19218,429
BR,import,2025,China,141711,39420,8910
BR,import,2025,Argentina,124500,9400,2
BR,import,2025,Colômbia,124128,1490,3
BR,import,2025,Espanha,90637,964,4
BR,import,2025,China,84958,17247,2536
BR,import,2025,China,83151,25010,1927
BR,import,2025,China,80489,602,54
BR,import,2025,Taiwan (Formosa),69105,4155,180
BR,import,2025,Alemanha,67266,168,2
BR,import,2025,Áustria,66578,1468,4
BR,import,2025,China,62334,1295,64
BR,import,2025,Dinamarca,53586,722,17
BR,import,2025,Alemanha,45253,209,4
BR,import,2025,Itália,44985,1420,3
BR,import,2025,Áustria,37345,823,4
BR,import,2025,China,32301,1543,12
BR,import,2025,Vietnã,30894,3975,199
BR,import,2025,China,24000,1000,1
BR,import,2025,Estados Unidos,22857,83,4
BR,import,2025,Tailândia,16500,510,3
BR,import,2025,Reino Unido,15209,728,7
BR,import,2025,Canadá,12856,33,1
BR,import,2025,Portugal,9654,140,1
BR,import,2025,Tailândia,8859,60,1
BR,import,2025,Canadá,8580,1992,17
BR,import,2025,África do Sul,8486,300,3
BR,import,2025,Reino Unido,7041,24,1
BR,import,2025,Hong Kong,5000,874,1
BR,import,2025,França,4503,210,310
BR,import,2025,China,3002,30,2
BR,import,2025,Itália,2600,310,6
BR,import,2025,Áustria,2362,48,755
BR,import,2025,Hong Kong,1035,392,234
BR,import,2025,Hong Kong,259,71,6
BR,import,2025,Itália,231,50,1
BR,import,2025,Suécia,51,53,1
BR,import,2024,México,132310074,4827051,13697
BR,import,2024,França,6511868,140913,9
BR,import,2024,Estados Unidos,4511115,129251,372
BR,import,2024,Estados Unidos,3691403,129090,104
BR,import,2024,Estados Unidos,3170190,22877,17
BR,import,2024,Itália,3123256,31800,1
BR,import,2024,Canadá,1834587,42373,123
BR,import,2024,Alemanha,1645999,64105,3
BR,import,2024,Espanha,851598,16510,3
BR,import,2024,África do Sul,769292,13691,1
BR,import,2024,Itália,511568,7360,4
BR,import,2024,China,408627,40838,7676
BR,import,2024,Estados Unidos,324674,7690,3
BR,import,2024,Itália,271114,4593,13
BR,import,2024,França,209729,200,10
BR,import,2024,China,172120,51131,2900
BR,import,2024,Estados Unidos,157188,1000,1
BR,import,2024,China,154113,38060,12062
BR,import,2024,China,116660,9299,103
BR,import,2024,China,111790,11500,8
BR,import,2024,Colômbia,108065,1127,3
BR,import,2024,Polônia,105637,3110,1
BR,import,2024,Japão,83959,2000,11
BR,import,2024,China,77480,487,44
BR,import,2024,Alemanha,75501,106,4
BR,import,2024,Reino Unido,74446,812,3
BR,import,2024,Alemanha,69016,488,7
BR,import,2024,Reino Unido,67479,650,1
BR,import,2024,Reino Unido,57126,102000,1
BR,import,2024,Dinamarca,45769,720,15
BR,import,2024,China,45499,10854,2602
BR,import,2024,Argentina,30680,1314,11
BR,import,2024,Brasil,30000,679,4
BR,import,2024,Reino Unido,24126,7100,1
BR,import,2024,Polônia,23770,126,10
BR,import,2024,Estados Unidos,20000,700,1
BR,import,2024,Taiwan (Formosa),17929,1072,44
BR,import,2024,Itália,17323,191,1
BR,import,2024,México,15909,3735,39
BR,import,2024,França,15045,311,237
BR,import,2024,Tailândia,15000,383,2
BR,import,2024,Portugal,14908,108,4
BR,import,2024,França,14376,150,1
BR,import,2024,Canadá,12188,110,102
BR,import,2024,Estados Unidos,11950,30,2
BR,import,2024,Austrália,8064,162,1
BR,import,2024,Tailândia,7500,188,1
BR,import,2024,França,6572,141,1
BR,import,2024,França,6511,90,4
BR,import,2024,Hong Kong,4639,872,3
BR,import,2024,Taiwan (Formosa),2639,111,1531
BR,import,2024,Taiwan (Formosa),1660,332,1
BR,import,2024,Nova Zelândia,1375,120,1
BR,import,2024,Coreia do Sul,1295,11,12
BR,import,2024,Eslovênia,898,9,5
BR,import,2024,China,460,109,1
BR,import,2024,Hong Kong,358,95,6
BR,import,2023,México,90340929,3292420,9359
BR,import,2023,Itália,17032069,272085,1
BR,import,2023,França,10758503,256642,17
BR,import,2023,Estados Unidos,10672423,274339,900
BR,import,2023,Reino Unido,5453557,73000,1
BR,import,2023,Estados Unidos,2534588,31085,11
BR,import,2023,Estados Unidos,1358529,27836,12
BR,import,2023,Itália,976034,9000,1
BR,import,2023,Estados Unidos,959244,1496,13
BR,import,2023,Japão,688257,17085,88
BR,import,2023,Canadá,651042,32289,30
BR,import,2023,Áustria,596333,9500,1
BR,import,2023,China,529163,53379,1972
BR,import,2023,Itália,402435,28500,2
BR,import,2023,Alemanha,328622,35437,183
BR,import,2023,China,287238,34523,37
BR,import,2023,Estados Unidos,202639,4286,2
BR,import,2023,França,202256,246,9
BR,import,2023,China,137779,30368,7920
BR,import,2023,Taiwan (Formosa),112226,6638,289
BR,import,2023,China,95602,7813,2609
BR,import,2023,Estados Unidos,94039,2682,1
BR,import,2023,China,92621,29563,1914
BR,import,2023,Alemanha,89262,305,9
BR,import,2023,Argentina,80000,8200,1
BR,import,2023,Tailândia,71587,1349,11
BR,import,2023,Itália,63657,1080,9
BR,import,2023,Dinamarca,49421,662,12
BR,import,2023,Alemanha,48949,870,7
BR,import,2023,Colômbia,39070,473,1
BR,import,2023,Nova Zelândia,35822,253,2
BR,import,2023,Reino Unido,35454,400,1
BR,import,2023,China,23060,118,13
BR,import,2023,França,15084,50,1
BR,import,2023,Reino Unido,13471,120,1
BR,import,2023,Portugal,13058,56,4
BR,import,2023,Canadá,10680,1391,4
BR,import,2023,México,8741,2426,27
BR,import,2023,Japão,8482,310,1
BR,import,2023,Países Baixos (Holanda),5296,1,1
BR,import,2023,Portugal,5000,26,2
BR,import,2023,Taiwan (Formosa),4637,204,1335
BR,import,2023,África do Sul,4000,4300,1
BR,import,2023,Estados Unidos,3533,111,1
BR,import,2023,Suécia,2805,2700,1
BR,import,2023,Grécia,2455,122,38
BR,import,2023,França,2359,97,3
BR,import,2023,Itália,1258,65,1
BR,import,2023,Hong Kong,112,15,1
BR,import,2023,Dinamarca,49,4,1
BR,import,2022,México,65313256,2561687,7599
BR,import,2022,Itália,7220847,130000,1
BR,import,2022,México,4808257,246887,740
BR,import,2022,Estados Unidos,3176795,100045,664
BR,import,2022,França,3014705,108412,8
BR,import,2022,Estados Unidos,1188419,29744,305
BR,import,2022,África do Sul,1063207,17044,1
BR,import,2022,França,721677,28322,2
BR,import,2022,Estados Unidos,492847,10206,4
BR,import,2022,Reino Unido,291360,2740,3
BR,import,2022,Japão,234054,5939,32
BR,import,2022,África do Sul,215614,4850,1
BR,import,2022,Espanha,196446,2111,2111
BR,import,2022,China,179149,22828,2989
BR,import,2022,Alemanha,159976,630,18
BR,import,2022,Alemanha,140114,20400,2
BR,import,2022,Estados Unidos,131748,2042,1
BR,import,2022,Taiwan (Formosa),112277,6171,275
BR,import,2022,China,111710,3815,524
BR,import,2022,China,99598,13305,984
BR,import,2022,China,82606,24108,2634
BR,import,2022,França,71996,706,4
BR,import,2022,Argentina,68050,2598,861
BR,import,2022,Portugal,65306,665,43
BR,import,2022,Espanha,56545,8200,1
BR,import,2022,China,42057,10391,2817
BR,import,2022,China,41869,7600,5
BR,import,2022,Estados Unidos,40070,2200,3
BR,import,2022,Alemanha,39196,144,5
BR,import,2022,China,33020,4200,3
BR,import,2022,Polônia,32819,502,4
BR,import,2022,Hungria,27867,1211,4
BR,import,2022,Itália,23688,330,1
BR,import,2022,Reino Unido,20732,220,1
BR,import,2022,Estados Unidos,19275,143,14
BR,import,2022,Nova Zelândia,18388,211,1
BR,import,2022,Polônia,15459,217,2
BR,import,2022,Hong Kong,13369,1123,40
BR,import,2022,Dinamarca,10218,124,2
BR,import,2022,China,9231,397,2
BR,import,2022,Japão,8587,170,1
BR,import,2022,França,8141,310,10
BR,import,2022,Hong Kong,8086,233,5
BR,import,2022,Hong Kong,6565,2320,830
BR,import,2022,Hong Kong,6461,1849,643
BR,import,2022,Estados Unidos,5593,265,2
BR,import,2022,Taiwan (Formosa),4873,46,20
BR,import,2022,Reino Unido,4551,3,2
BR,import,2022,França,613,27,1
BR,import,2022,Estados Unidos,216,56,27
BR,import,2022,Estados Unidos,9,2,2
BR,import,2021,México,47406561,2548918,7460
BR,import,2021,Itália,11067256,205610,13
BR,import,2021,Reino Unido,7474028,119830,2
BR,import,2021,França,3450882,47300,1
BR,import,2021,Estados Unidos,1562588,49340,440
BR,import,2021,França,1198576,31435,1
BR,import,2021,França,958660,8700,1225
BR,import,2021,Estados Unidos,815019,22203,10
BR,import,2021,China,614688,140897,17678
BR,import,2021,Japão,285276,7053,38
BR,import,2021,Reino Unido,180893,2185,9
BR,import,2021,China,153734,8948,431
BR,import,2021,França,87959,9186,284
BR,import,2021,Alemanha,85993,405,12
BR,import,2021,Rússia,75101,1100,1
BR,import,2021,Reino Unido,49198,135,8
BR,import,2021,Irlanda,47383,100,2
BR,import,2021,Taiwan (Formosa),42221,2716,121
BR,import,2021,Países Baixos (Holanda),24582,200,1
BR,import,2021,Estados Unidos,20201,364,155
BR,import,2021,Argentina,17501,610,10
BR,import,2021,Nova Zelândia,16083,100,1
BR,import,2021,Portugal,13968,68,3
BR,import,2021,Hong Kong,13784,3309,870
BR,import,2021,Polônia,7375,106,1
BR,import,2021,Itália,4084,900,1
BR,import,2021,Polônia,3655,21,1
BR,import,2021,Reino Unido,3327,63,2
BR,import,2021,Taiwan (Formosa),3308,21,22
BR,import,2021,Eslováquia,2388,75,50
BR,import,2021,Espanha,290,1,4
BR,import,2020,México,24849594,1396639,4171
BR,import,2020,Estados Unidos,2871256,100602,528
BR,import,2020,França,1551091,37020,5
BR,import,2020,Reino Unido,1527869,31000,1
BR,import,2020,Estados Unidos,779061,19085,8
BR,import,2020,China,211110,45003,8315
BR,import,2020,Itália,174888,917,13
BR,import,2020,Portugal,168409,997,53
BR,import,2020,Reino Unido,105751,1412,5
BR,import,2020,Alemanha,94295,350,10
BR,import,2020,Argentina,79142,2655,32
BR,import,2020,Japão,76135,2039,12
BR,import,2020,China,52845,6293,298
BR,import,2020,Reino Unido,43265,46,19
BR,import,2020,França,37714,4594,142
BR,import,2020,Estados Unidos,36301,1251,10
BR,import,2020,Indonésia,36104,520,5
BR,import,2020,Taiwan (Formosa),27951,1517,68
BR,import,2020,Estados Unidos,26212,117,5
BR,import,2020,França,26010,420,3
BR,import,2020,Reino Unido,21350,798,8
BR,import,2020,Nova Zelândia,17616,126,1
BR,import,2020,China,14732,1707,47
BR,import,2020,Polônia,7898,168,3
BR,import,2020,Hong Kong,966,33,38
BR,import,2020,Taiwan (Formosa),46,4,19
BR,import,2019,México,40025468,2005397,5703
BR,import,2019,Estados Unidos,4962255,163160,769
BR,import,2019,Itália,1860745,65300,2
BR,import,2019,França,684218,19805,16
BR,import,2019,Estados Unidos,659939,19507,15
BR,import,2019,China,392952,91497,16139
BR,import,2019,Reino Unido,184828,2665,8
BR,import,2019,Estados Unidos,178775,898,21
BR,import,2019,China,169439,11104,381
BR,import,2019,Itália,168133,1001,73
BR,import,2019,Reino Unido,101072,266,29
BR,import,2019,Japão,42374,1332,9
BR,import,2019,Portugal,34818,340,37
BR,import,2019,Hong Kong,33089,9302,2649
BR,import,2019,França,25883,2565,87
BR,import,2019,Argentina,22750,592,16
BR,import,2019,Itália,18923,310,3
BR,import,2019,Taiwan (Formosa),18408,990,45
BR,import,2019,Países Baixos (Holanda),17256,261,1
BR,import,2019,Porto Rico,14630,62,1
BR,import,2019,China,10890,993,24
BR,import,2019,Dinamarca,6717,97,2
BR,import,2019,França,6144,72,1
BR,import,2019,Espanha,4866,799,11
BR,import,2019,Alemanha,4550,15000,1
BR,import,2019,Alemanha,4500,140,3
BR,import,2019,Estados Unidos,3077,111,1
BR,import,2018,México,29578328,1543672,4378
BR,import,2018,França,5861287,129081,24
BR,import,2018,Estados Unidos,3212916,119995,553
BR,import,2018,Itália,2790490,77988,10
BR,import,2018,Reino Unido,1957625,30395,2
BR,import,2018,Estados Unidos,1312416,32962,17
BR,import,2018,África do Sul,582390,13891,1
BR,import,2018,China,535687,150732,18839
BR,import,2018,Países Baixos (Holanda),336310,5075,1
BR,import,2018,Noruega,252175,3050,1
BR,import,2018,Estados Unidos,245904,953,66
BR,import,2018,China,215702,16952,526
BR,import,2018,Alemanha,161501,8273,2
BR,import,2018,França,89284,669,4
BR,import,2018,Itália,85675,895,2
BR,import,2018,Reino Unido,69138,960,3
BR,import,2018,Taiwan (Formosa),48371,2048,91
BR,import,2018,Japão,47064,1480,10
BR,import,2018,Itália,41872,45,1
BR,import,2018,Alemanha,39452,168,4
BR,import,2018,Colômbia,37048,380,1
BR,import,2018,Singapura,32430,400,4
BR,import,2018,Hong Kong,29518,4898,1071
BR,import,2018,França,18660,266,4
BR,import,2018,Reino Unido,18458,30,5
BR,import,2018,Itália,15790,150,1
BR,import,2018,Argentina,12000,774,20
BR,import,2018,China,10332,1025,25
BR,import,2018,Estados Unidos,7051,288,2
BR,import,2018,África do Sul,2669,156,2
BR,import,2018,Dinamarca,2444,59,1
BR,import,2018,Polônia,1719,75,1
BR,import,2018,Alemanha,1116,100,1
BR,import,2018,Taiwan (Formosa),967,112,63
BR,import,2018,Portugal,842,14,1
BR,import,2017,México,21838052,1105822,3273
BR,import,2017,Estados Unidos,4277177,178765,576
BR,import,2017,França,2879932,111502,7
BR,import,2017,Itália,2400069,65000,1
BR,import,2017,Reino Unido,2159595,39640,1
BR,import,2017,Estados Unidos,1522079,38229,29
BR,import,2017,Japão,965597,34043,115
BR,import,2017,Itália,599435,15400,1
BR,import,2017,China,469287,132203,16920
BR,import,2017,China,278476,21572,669
BR,import,2017,Reino Unido,143337,2034,71
BR,import,2017,Alemanha,128750,434,12
BR,import,2017,Estados Unidos,115832,313,14
BR,import,2017,Singapura,106116,1750,32
BR,import,2017,Portugal,61931,343,29
BR,import,2017,Hungria,61469,2220,9
BR,import,2017,Estados Unidos,54193,2444,17
BR,import,2017,Reino Unido,25816,55,12
BR,import,2017,Austrália,21853,225,3
BR,import,2017,Dinamarca,19107,389,7
BR,import,2017,"Tcheca, República",18910,190,1
BR,import,2017,China,17617,1764,41
BR,import,2017,Países Baixos (Holanda),17482,110,1
BR,import,2017,Reino Unido,14725,120,1
BR,import,2017,Hong Kong,8449,2106,214
BR,import,2017,Argentina,5794,400,10
BR,import,2017,França,1569,45,2
BR,import,2016,México,7007265,381671,1096
BR,import,2016,Estados Unidos,4808685,183983,566
BR,import,2016,Itália,3342470,90000,1
BR,import,2016,França,985063,32000,3
BR,import,2016,Reino Unido,523698,22000,2
BR,import,2016,África do Sul,483700,10530,1
BR,import,2016,Estados Unidos,459503,13771,16
BR,import,2016,França,324587,20310,2
BR,import,2016,China,314812,81753,28695
BR,import,2016,Alemanha,306789,899,21
BR,import,2016,Estados Unidos,264607,1112,35
BR,import,2016,França,252715,2787,66
BR,import,2016,Reino Unido,164438,3200,5
BR,import,2016,China,132289,11776,380
BR,import,2016,Canadá,132202,374,10
BR,import,2016,Nova Zelândia,85484,585,6
BR,import,2016,Alemanha,77388,5200,1
BR,import,2016,Itália,40717,43,1
BR,import,2016,China,35208,3994,82
BR,import,2016,Estados Unidos,29116,1248,12
BR,import,2016,Reino Unido,25200,45,12
BR,import,2016,Argentina,14844,2329,88
BR,import,2016,Suécia,8709,90,6
BR,import,2016,Portugal,7592,135,6
BR,import,2016,África do Sul,4442,350,14
BR,import,2015,México,10836433,759413,2363
BR,import,2015,Reino Unido,6943324,179150,10
BR,import,2015,Estados Unidos,5368611,200823,764
BR,import,2015,Estados Unidos,4979756,138055,55
BR,import,2015,França,4402450,174583,15
BR,import,2015,França,3907735,121500,9
BR,import,2015,Itália,2562798,73710,4
BR,import,2015,Canadá,1185603,84751,218
BR,import,2015,China,1086617,189550,28752
BR,import,2015,Itália,497626,6400,21
BR,import,2015,Japão,492850,21816,94
BR,import,2015,Alemanha,456458,32380,3
BR,import,2015,Estados Unidos,453762,2516,196
BR,import,2015,Eslovênia,166596,7500,1
BR,import,2015,Hong Kong,136863,21922,2098
BR,import,2015,Reino Unido,136841,2160,2
BR,import,2015,Portugal,103421,2384,36
BR,import,2015,China,95998,9120,355
BR,import,2015,França,88560,1054,5
BR,import,2015,Austrália,79815,1418,16
BR,import,2015,Nova Zelândia,67585,592,6
BR,import,2015,Chile,47275,1590,2
BR,import,2015,Polônia,40236,2800,1
BR,import,2015,"Tcheca, República",38535,362,13
BR,import,2015,Alemanha,36524,125,3
BR,import,2015,Tailândia,35605,208,1
BR,import,2015,Estados Unidos,27921,1256,11
BR,import,2015,Irlanda,23842,37,1
BR,import,2015,Canadá,19521,718,2
BR,import,2015,Japão,15997,721,2
BR,import,2015,África do Sul,15144,1153,49
BR,import,2015,China,13591,1725,34
BR,import,2015,Filipinas,6044,90,9
BR,import,2015,Eslovênia,5898,132,2
BR,import,2015,Reino Unido,4125,4,2
BR,import,2015,Itália,4052,85,1
BR,import,2015,Reino Unido,2972,66,1
BR,import,2015,Polônia,2887,11,1
BR,import,2015,Tailândia,2517,180,10
BR,import,2015,Taiwan (Formosa),1396,20,47
BR,import,2015,Alemanha,199,2,1
BR,import,2014,Canadá,16980797,913907,2603
BR,import,2014,Estados Unidos,16038424,543382,1552
BR,import,2014,Reino Unido,13203366,275600,12
BR,import,2014,Itália,12807380,203432,5
BR,import,2014,Estados Unidos,9531489,281609,109
BR,import,2014,França,6149365,214574,17
BR,import,2014,México,5461416,320302,1544
BR,import,2014,França,4667239,102402,7
BR,import,2014,Japão,3078259,117109,401
BR,import,2014,Argentina,2460928,21910,3
BR,import,2014,Argentina,1691416,56200,4
BR,import,2014,Alemanha,1676089,76732,6
BR,import,2014,China,955014,207944,39060
BR,import,2014,Estados Unidos,848070,13585,35
BR,import,2014,Estados Unidos,733459,10502,445
BR,import,2014,Alemanha,358942,11400,1
BR,import,2014,Alemanha,302551,516,18
BR,import,2014,Espanha,253543,7000,1
BR,import,2014,Nova Zelândia,175889,1483,4
BR,import,2014,China,168783,14767,565
BR,import,2014,"Tcheca, República",156584,1004,27
BR,import,2014,Itália,141415,1517,18
BR,import,2014,Hong Kong,140919,21826,9771
BR,import,2014,Reino Unido,119214,10843,21
BR,import,2014,Austrália,112396,1100,3
BR,import,2014,Irlanda,104087,144,6
BR,import,2014,Portugal,89982,723,137
BR,import,2014,Países Baixos (Holanda),84707,705,4
BR,import,2014,Reino Unido,81370,1926,21
BR,import,2014,Finlândia,71288,1058,4
BR,import,2014,França,58862,73,3
BR,import,2014,Itália,50330,2350,3
BR,import,2014,"Tcheca, República",26334,390,1
BR,import,2014,Chile,18878,377,1
BR,import,2014,França,16196,384,2
BR,import,2014,Austrália,12651,32,2
BR,import,2014,Polinésia Francesa,3672,220,12
BR,import,2014,China,3600,320,1
BR,import,2014,Hong Kong,3312,294,10
BR,import,2014,África do Sul,2250,80,1
BR,import,2014,Taiwan (Formosa),1200,53,20
BR,import,2014,África do Sul,1136,271,1
BR,import,2014,Taiwan (Formosa),731,155,150
BR,import,2014,Indonésia,190,83,1
BR,import,2013,Canadá,26487516,1238324,3529
BR,import,2013,Reino Unido,26405852,598847,20
BR,import,2013,Itália,16650550,404080,14
BR,import,2013,Estados Unidos,16515186,572634,1555
BR,import,2013,Estados Unidos,13918048,495690,160
BR,import,2013,França,8972425,400930,38
BR,import,2013,Japão,7033964,267240,825
BR,import,2013,França,6774959,170040,14
BR,import,2013,Alemanha,3212970,144303,17
BR,import,2013,México,1698231,80470,432
BR,import,2013,França,1296985,18240,276
BR,import,2013,França,1162220,16593,66
BR,import,2013,Estados Unidos,1142025,22077,2305
BR,import,2013,China,926682,216916,51385
BR,import,2013,China,433295,29384,436
BR,import,2013,Reino Unido,409668,5036,15
BR,import,2013,Itália,365616,9520,2
BR,import,2013,Argentina,351674,16450,2
BR,import,2013,Reino Unido,304663,5666,19
BR,import,2013,Países Baixos (Holanda),288366,2886,24
BR,import,2013,Espanha,235290,7000,1
BR,import,2013,Canadá,118596,2850,3
BR,import,2013,Itália,100889,2802,8
BR,import,2013,México,99815,8953,7
BR,import,2013,Tailândia,94992,2394,9
BR,import,2013,"Tcheca, República",88609,470,20
BR,import,2013,Estados Unidos,66239,3720,12
BR,import,2013,Reino Unido,64591,115,23
BR,import,2013,Nova Zelândia,54578,364,3
BR,import,2013,Países Baixos (Holanda),26999,202,1
BR,import,2013,Austrália,26298,1305,22
BR,import,2013,Espanha,20940,260,2
BR,import,2013,Alemanha,17150,64,1
BR,import,2013,Irlanda,14416,71,2
BR,import,2013,Portugal,14253,155,13
BR,import,2013,Japão,13592,387,1
BR,import,2013,Argentina,13000,1250,1
BR,import,2013,China,12472,1922,52
BR,import,2013,Argentina,6530,400,1
BR,import,2013,Portugal,5021,56,1
BR,import,2013,Áustria,3595,59,1
BR,import,2013,Hong Kong,2192,165,62
BR,import,2013,Peru,1544,295,10
BR,import,2013,Hong Kong,860,23,2
BR,import,2013,Hungria,803,6,1
BR,import,2013,Suécia,719,5,5
BR,import,2012,Itália,32888926,740935,32
BR,import,2012,Canadá,31608931,1454946,4018
BR,import,2012,Estados Unidos,30044717,1052873,3555
BR,import,2012,Reino Unido,20095014,379301,14
BR,import,2012,Estados Unidos,17061199,679310,334
BR,import,2012,França,10321581,400620,53
BR,import,2012,França,10239862,342510,56035
BR,import,2012,Japão,5562899,235105,665
BR,import,2012,Argentina,2510731,99158,6
BR,import,2012,Alemanha,904111,52635,10
BR,import,2012,China,812883,203072,47586
BR,import,2012,Estados Unidos,665515,10034,1181
BR,import,2012,China,504226,37372,276
BR,import,2012,Portugal,319439,1867,197
BR,import,2012,Reino Unido,318840,5930,20
BR,import,2012,Argentina,148700,3940,1
BR,import,2012,Itália,112822,3500,3
BR,import,2012,México,104310,4297,5
BR,import,2012,França,82774,2629,5
BR,import,2012,Canadá,79726,2452,7
BR,import,2012,Estados Unidos,66382,5647,4
BR,import,2012,Reino Unido,49903,118,25
BR,import,2012,"Tcheca, República",43933,150,10
BR,import,2012,Países Baixos (Holanda),42266,19440,1
BR,import,2012,Nova Zelândia,31097,216,2
BR,import,2012,Polônia,18410,200,1
BR,import,2012,França,16142,2876,81
BR,import,2012,"Tcheca, República",15210,510,3
BR,import,2012,Itália,11426,1096,1
BR,import,2012,Alemanha,8607,159,3
BR,import,2012,China,6916,534,26
BR,import,2012,Hong Kong,6197,2463,630
BR,import,2012,Áustria,4079,96,2
BR,import,2012,Itália,3593,104,7
BR,import,2012,Suíça,3436,106,1
BR,import,2012,Taiwan (Formosa),3093,210,5
BR,import,2012,Suécia,1960,176,14
BR,import,2012,Hong Kong,1900,442,40
BR,import,2012,Polônia,1003,35,3
BR,import,2012,Taiwan (Formosa),648,49,3
BR,import,2012,Canadá,247,29,2
BR,import,2011,Itália,93207598,1956219,96
BR,import,2011,Canadá,33906237,1442407,4082
BR,import,2011,Estados Unidos,28927072,1106125,3403
BR,import,2011,Reino Unido,28715640,579526,26
BR,import,2011,Estados Unidos,16117192,569848,282
BR,import,2011,França,7618978,334328,58
BR,import,2011,França,6949067,219821,25
BR,import,2011,Japão,3618922,140400,377
BR,import,2011,Argentina,3019924,120400,12
BR,import,2011,Turquia,2470288,33000,1
BR,import,2011,China,1268018,77340,3383
BR,import,2011,Alemanha,1020329,55100,7
BR,import,2011,China,1002029,317526,83050
BR,import,2011,Itália,708070,10200,1
BR,import,2011,Estados Unidos,625750,10438,1051
BR,import,2011,França,562639,18010,36
BR,import,2011,Reino Unido,472592,6950,20
BR,import,2011,Argentina,466384,18950,29
BR,import,2011,Estados Unidos,326293,5558,34
BR,import,2011,Países Baixos (Holanda),325727,5000,1
BR,import,2011,Tunísia,249828,5215,1
BR,import,2011,Alemanha,142840,8200,1
BR,import,2011,Alemanha,121425,642,11
BR,import,2011,Reino Unido,111618,935,11
BR,import,2011,Hong Kong,108743,32230,4946
BR,import,2011,Canadá,94469,3054,8
BR,import,2011,Reino Unido,65436,1634,1634
BR,import,2011,Argentina,57629,6388,53
BR,import,2011,Japão,57072,1788,6
BR,import,2011,Hong Kong,25880,1280,4
BR,import,2011,Espanha,23005,1606,1
BR,import,2011,África do Sul,18989,33000,1
BR,import,2011,México,18110,1021,2
BR,import,2011,Suíça,17507,20,1
BR,import,2011,Itália,15024,280,1
BR,import,2011,China,10816,616,27
BR,import,2011,França,10481,293,7
BR,import,2011,China,9549,670,2
BR,import,2011,Vietnã,7678,800,2
BR,import,2011,Finlândia,6192,392,1
BR,import,2011,Dinamarca,3109,100,2
BR,import,2011,Taiwan (Formosa),2958,525,11
BR,import,2011,Itália,2904,450,1
BR,import,2011,Polônia,2167,18,1
BR,import,2011,Vietnã,1727,150,4
BR,import,2011,Suécia,1544,30,15
BR,import,2011,Irlanda,500,11,1
BR,import,2011,Taiwan (Formosa),482,6,18
BR,import,2011,Coreia do Sul,36,0,2
BR,import,2010,Itália,63357669,1452191,7521
BR,import,2010,Estados Unidos,18964095,777256,2833
BR,import,2010,Canadá,17141749,858508,2401
BR,import,2010,Reino Unido,10431954,217010,43
BR,import,2010,Estados Unidos,8775115,317121,187
BR,import,2010,França,4905476,225463,49
BR,import,2010,Japão,3956953,158048,639
BR,import,2010,Argentina,1491800,53838,4
BR,import,2010,Itália,1280835,30620,2
BR,import,2010,Estados Unidos,946155,14340,1623
BR,import,2010,China,902677,308815,195959
BR,import,2010,França,760234,28380,4
BR,import,2010,Argentina,609965,21489,6
BR,import,2010,Reino Unido,446070,11785,22
BR,import,2010,Emirados Árabes Unidos,310060,7362,2
BR,import,2010,China,239850,21442,160
BR,import,2010,Canadá,191349,8425,23
BR,import,2010,Japão,101273,3860,12
BR,import,2010,Reino Unido,99964,108,54
BR,import,2010,Hong Kong,56843,20195,3423
BR,import,2010,Nova Zelândia,48250,286,2
BR,import,2010,Nova Zelândia,45120,234,2
BR,import,2010,Argentina,44276,2850,5
BR,import,2010,Hong Kong,39364,1194,15
BR,import,2010,Taiwan (Formosa),32901,1338,50
BR,import,2010,França,28268,3162,116
BR,import,2010,Eslovênia,26655,320,1
BR,import,2010,Itália,21300,391,4
BR,import,2010,Brasil,20136,947,2
BR,import,2010,Países Baixos (Holanda),18484,680,2
BR,import,2010,França,14970,236,4
BR,import,2010,Estados Unidos,11872,402,4
BR,import,2010,Noruega,10684,930,2
BR,import,2010,Hong Kong,6400,601,4
BR,import,2010,China,5928,650,26
BR,import,2010,Vietnã,3439,457,8
BR,import,2010,Suécia,1551,42,17
BR,import,2010,Taiwan (Formosa),72,1,1
SC,export,2026,Estados Unidos,8363949,145125,22
SC,export,2026,Espanha,3055405,34200,3
SC,export,2026,Paraguai,2526471,48700,11
SC,export,2026,Itália,2014158,44586,2
SC,export,2026,Panamá,1562580,30000,1
SC,export,2026,México,748445,10900,1
SC,export,2026,Hong Kong,448815,9000,1
SC,export,2026,Malta,365078,7000,2
SC,export,2026,Equador,257000,6000,1
SC,export,2026,Colômbia,246051,11908,10
SC,export,2026,Canadá,213686,6000,1
SC,export,2026,Uruguai,203309,5600,2
SC,export,2026,Colômbia,143466,6580,8
SC,export,2026,Colômbia,132065,3500,1
SC,export,2026,França,106970,3500,1
SC,export,2026,Argentina,96239,3500,1
SC,export,2026,Croácia,93867,2300,1
SC,export,2026,Paraguai,74346,3000,4
SC,export,2026,Malta,40000,2395,3
SC,export,2026,Chipre,34178,1400,2
SC,export,2026,Croácia,31560,1500,1
SC,export,2026,Chipre,19742,936,1
SC,export,2026,França,879,37,1
SC,export,2026,Chipre,341,2,1
SC,export,2026,Panamá,84,3,2
SC,export,2026,Barbados,7,0,7
SC,export,2025,Estados Unidos,12837126,237525,31
SC,export,2025,Portugal,6989091,92960,1
SC,export,2025,Itália,3821345,89172,4
SC,export,2025,Estados Unidos,3456275,74903,7
SC,export,2025,Argentina,1755000,36985,1
SC,export,2025,Bélgica,1193636,19900,2
SC,export,2025,Panamá,1073737,22293,1
SC,export,2025,Austrália,967366,18000,2
SC,export,2025,Austrália,830928,11900,1
SC,export,2025,França,793692,10900,1
SC,export,2025,Panamá,600861,9000,1
SC,export,2025,México,494172,12240,2
SC,export,2025,Paraguai,452300,16000,8
SC,export,2025,Guatemala,316336,6000,1
SC,export,2025,Espanha,297237,6000,1
SC,export,2025,Colômbia,281494,12488,12
SC,export,2025,Espanha,252561,6000,1
SC,export,2025,Colômbia,250970,5875,1
SC,export,2025,Bélgica,248863,6000,1
SC,export,2025,Chile,153479,5008,3
SC,export,2025,Paraguai,133688,6383,8
SC,export,2025,Albânia,116380,3000,1
SC,export,2025,Colômbia,84810,2954,2
SC,export,2025,Uruguai,71147,2300,1
SC,export,2025,Paraguai,35742,1600,1
SC,export,2025,Chile,26315,800,2
SC,export,2025,Uruguai,26072,1500,2
SC,export,2025,Estados Unidos,18000,2013,6
SC,export,2025,Estados Unidos,2142,150,1
SC,export,2024,Estados Unidos,13143932,207022,21
SC,export,2024,Estados Unidos,12464334,269950,33
SC,export,2024,Itália,8608986,207728,8
SC,export,2024,Itália,5407037,92960,1
SC,export,2024,Paraguai,3030761,41720,5
SC,export,2024,Uruguai,1810602,35700,2
SC,export,2024,Espanha,861297,18000,3
SC,export,2024,Austrália,713664,10900,1
SC,export,2024,Bélgica,700000,10900,1
SC,export,2024,Colômbia,542527,13600,3
SC,export,2024,Emirados Árabes Unidos,437736,14170,5
SC,export,2024,Colômbia,373371,19550,18
SC,export,2024,Portugal,290000,7500,1
SC,export,2024,"Cayman, Ilhas",272452,6000,1
SC,export,2024,Porto Rico,206241,3400,1
SC,export,2024,Uruguai,205810,5100,1
SC,export,2024,Países Baixos (Holanda),180000,5600,1
SC,export,2024,Paraguai,140841,5100,3
SC,export,2024,Chile,135420,3500,1
SC,export,2024,Paraguai,121557,7245,10
SC,export,2024,Países Baixos (Holanda),96068,3400,1
SC,export,2024,Chile,82400,1449,2
SC,export,2024,Países Baixos (Holanda),61507,3200,2
SC,export,2024,Chile,44997,1643,1
SC,export,2024,Porto Rico,42080,1790,2
SC,export,2024,Paraguai,5878,112,1
SC,export,2024,Singapura,278,5,3
SC,export,2024,Lituânia,178,1,1
SC,export,2023,Estados Unidos,15740823,273400,17
SC,export,2023,Estados Unidos,11766781,260900,36
SC,export,2023,Itália,7448636,193036,8
SC,export,2023,Itália,5344304,92960,1
SC,export,2023,Costa Rica,2229000,31000,1
SC,export,2023,Porto Rico,1723843,41400,5
SC,export,2023,Emirados Árabes Unidos,1434282,46720,3
SC,export,2023,Bélgica,1302700,27000,2
SC,export,2023,Austrália,1189627,18300,1
SC,export,2023,Equador,1107600,18300,1
SC,export,2023,Turquia,757530,20670,4
SC,export,2023,Nova Zelândia,570000,12500,1
SC,export,2023,Austrália,562058,9900,1
SC,export,2023,Equador,426988,9000,1
SC,export,2023,Paraguai,406969,14600,5
SC,export,2023,México,336799,10158,2
SC,export,2023,Canadá,281625,6000,1
SC,export,2023,Alemanha,267907,6000,1
SC,export,2023,Peru,236575,5100,1
SC,export,2023,Colômbia,195037,10080,10
SC,export,2023,Emirados Árabes Unidos,168327,4950,3
SC,export,2023,Espanha,150858,4000,2
SC,export,2023,Espanha,123342,3500,2
SC,export,2023,República Dominicana,119372,5745,5
SC,export,2023,Uruguai,98850,4200,2
SC,export,2023,Paraguai,97761,5830,7
SC,export,2023,Peru,84025,3600,2
SC,export,2023,Países Baixos (Holanda),77620,5370,6
SC,export,2023,Uruguai,65920,3350,2
SC,export,2023,Paraguai,54666,1750,1
SC,export,2023,Turquia,50025,2395,3
SC,export,2023,Uruguai,45785,2395,3
SC,export,2023,Emirados Árabes Unidos,21830,895,1
SC,export,2023,Equador,3950,44,2
SC,export,2022,Estados Unidos,12609557,241650,17
SC,export,2022,Estados Unidos,12348904,291583,42
SC,export,2022,Itália,5735854,163142,6
SC,export,2022,Estados Unidos,4674505,107900,9
SC,export,2022,Paraguai,2283630,34600,3
SC,export,2022,Suíça,2203274,64480,1
SC,export,2022,Itália,1878019,52200,2
SC,export,2022,Austrália,1665592,35900,3
SC,export,2022,Colômbia,1662725,37700,1
SC,export,2022,Equador,945414,18300,1
SC,export,2022,Japão,873383,20000,1
SC,export,2022,Espanha,662126,20100,2
SC,export,2022,Equador,346718,8700,2
SC,export,2022,Costa Rica,345315,9000,1
SC,export,2022,Paraguai,338359,13000,5
SC,export,2022,Países Baixos (Holanda),318496,10900,6
SC,export,2022,Espanha,299028,8000,4
SC,export,2022,Bélgica,245713,6000,1
SC,export,2022,Espanha,230750,6100,4
SC,export,2022,Chile,210864,8500,1
SC,export,2022,República Dominicana,187966,3900,1
SC,export,2022,México,180911,7360,2
SC,export,2022,Seicheles,174732,6000,1
SC,export,2022,Turquia,173920,8795,7
SC,export,2022,Reino Unido,166524,3900,1
SC,export,2022,Argentina,166430,11100,7
SC,export,2022,Paraguai,163019,9725,12
SC,export,2022,Portugal,161631,7850,3
SC,export,2022,Curaçao,152546,3760,1
SC,export,2022,Turquia,138060,6620,2
SC,export,2022,Alemanha,132940,3200,2
SC,export,2022,Espanha,124859,6050,6
SC,export,2022,Porto Rico,115040,3400,1
SC,export,2022,Emirados Árabes Unidos,105908,4000,2
SC,export,2022,Paraguai,104457,3600,2
SC,export,2022,Vietnã,91306,5100,4
SC,export,2022,Nova Zelândia,71674,2900,4
SC,export,2022,Nova Zelândia,66348,4200,3
SC,export,2022,Paraguai,62073,2320,1
SC,export,2022,Emirados Árabes Unidos,53780,2500,1
SC,export,2022,Uruguai,45785,2395,3
SC,export,2022,Vietnã,42168,2800,4
SC,export,2022,Turquia,40209,1900,2
SC,export,2022,Coreia do Sul,39740,1300,2
SC,export,2022,Dinamarca,34800,1300,2
SC,export,2022,Argentina,34700,2395,3
SC,export,2022,Alemanha,30638,1500,2
SC,export,2022,Uruguai,29330,1350,2
SC,export,2022,Colômbia,27438,1300,2
SC,export,2022,Coveite (Kuweit),22450,1800,1
SC,export,2022,Países Baixos (Holanda),20602,1800,1
SC,export,2022,Nova Zelândia,15604,895,1
SC,export,2021,Estados Unidos,9063765,209895,15
SC,export,2021,Estados Unidos,7450910,206200,32
SC,export,2021,Austrália,1990536,46145,4
SC,export,2021,França,1769478,42000,2
SC,export,2021,Paraguai,1487826,47597,7
SC,export,2021,Austrália,412082,13300,2
SC,export,2021,Turquia,329500,8100,3
SC,export,2021,Canadá,304780,9500,1
SC,export,2021,Emirados Árabes Unidos,286887,9500,1
SC,export,2021,Singapura,252784,6000,1
SC,export,2021,República Dominicana,232233,6000,1
SC,export,2021,Bélgica,224161,6000,1
SC,export,2021,Equador,178512,5400,1
SC,export,2021,Porto Rico,178500,5400,1
SC,export,2021,Países Baixos (Holanda),154005,11850,15
SC,export,2021,Países Baixos (Holanda),118385,8092,3
SC,export,2021,Paraguai,113650,7450,10
SC,export,2021,Uruguai,71546,3740,3
SC,export,2021,Austrália,62877,2180,9
SC,export,2021,Argentina,55687,4400,3
SC,export,2021,Dinamarca,47016,1750,3
SC,export,2021,Coveite (Kuweit),34704,1500,2
SC,export,2021,Portugal,34643,1150,1
SC,export,2021,Argentina,12583,750,1
SC,export,2021,Porto Rico,12240,183,8
SC,export,2021,Uruguai,4386,128,1
SC,export,2021,Estados Unidos,3700,46,2
SC,export,2021,Japão,3604,46,2
SC,export,2021,Suriname,1823,52,1
SC,export,2020,Estados Unidos,3736367,96054,22
SC,export,2020,Estados Unidos,2732142,75055,7
SC,export,2020,"Virgens, Ilhas (Americanas)",2030000,44000,1
SC,export,2020,Argentina,806066,35100,5
SC,export,2020,Paraguai,319586,11792,2
SC,export,2020,Bahamas,155660,3760,1
SC,export,2020,Japão,78323,3295,1
SC,export,2020,Países Baixos (Holanda),73114,6200,12
SC,export,2020,Turquia,65228,1300,1
SC,export,2020,Canadá,64113,2200,1
SC,export,2020,Emirados Árabes Unidos,38512,2200,1
SC,export,2020,Dinamarca,34863,1350,2
SC,export,2020,Suíça,18360,268,12
SC,export,2020,Estados Unidos,8534,111,5
SC,export,2020,França,6596,252,8
SC,export,2020,Austrália,4590,69,3
SC,export,2020,Chile,3674,46,2
SC,export,2019,Estados Unidos,6683513,136500,13
SC,export,2019,Paraguai,4089729,95100,12
SC,export,2019,Estados Unidos,1522713,42750,3
SC,export,2019,Colômbia,906483,21800,1
SC,export,2019,"Cayman, Ilhas",584881,12700,2
SC,export,2019,Argentina,287770,20700,6
SC,export,2019,Tailândia,150000,5700,1
SC,export,2019,Índia,116340,3250,5
SC,export,2019,Emirados Árabes Unidos,85316,3295,1
SC,export,2019,Colômbia,76790,5900,4
SC,export,2019,Argentina,67858,4350,5
SC,export,2019,Nova Zelândia,67602,3400,4
SC,export,2019,Suíça,35847,1350,3
SC,export,2019,Paraguai,27485,1630,2
SC,export,2019,Austrália,12607,850,1
SC,export,2019,Estados Unidos,6208,285,1
SC,export,2018,Estados Unidos,5275556,114000,11
SC,export,2018,Estados Unidos,3118594,75408,5
SC,export,2018,Paraguai,2678831,76600,10
SC,export,2018,Uruguai,1150000,21800,1
SC,export,2018,Itália,481172,10500,1
SC,export,2018,Paraguai,253037,11100,7
SC,export,2018,Austrália,128308,3900,1
SC,export,2018,Argentina,95185,5950,6
SC,export,2018,Bolívia,84000,920,8
SC,export,2018,Argentina,43893,2750,2
SC,export,2018,Colômbia,22000,1560,2
SC,export,2017,Estados Unidos,5231236,110000,11
SC,export,2017,Estados Unidos,3368401,80610,11
SC,export,2017,Argentina,1983257,97362,31
SC,export,2017,Paraguai,1701609,54678,9
SC,export,2017,Emirados Árabes Unidos,980000,20000,2
SC,export,2017,Panamá,469777,11200,1
SC,export,2017,Peru,126089,3900,2
SC,export,2017,Argentina,120715,7550,8
SC,export,2017,Polônia,114086,4000,1
SC,export,2017,Espanha,65448,3440,4
SC,export,2017,Austrália,60685,1800,1
SC,export,2017,Colômbia,21300,1500,2
SC,export,2017,Austrália,19361,950,1
SC,export,2017,Peru,18977,1217,8
SC,export,2017,Uruguai,13636,1200,15
SC,export,2017,Paraguai,12494,450,1
SC,export,2016,Estados Unidos,4135425,98120,7
SC,export,2016,Itália,3752777,65900,2
SC,export,2016,Uruguai,1238428,23650,2
SC,export,2016,Argentina,968457,40868,17
SC,export,2016,Paraguai,926543,32550,6
SC,export,2016,Estados Unidos,904117,20000,2
SC,export,2016,Austrália,861611,31590,5
SC,export,2016,Colômbia,494501,11200,1
SC,export,2016,Argentina,322853,21162,34
SC,export,2016,Alemanha,113906,5260,4
SC,export,2016,Espanha,45600,1180,1
SC,export,2016,Peru,42393,1800,1
SC,export,2016,Chile,41348,1650,1
SC,export,2016,Sérvia,37106,1750,3
SC,export,2016,Colômbia,31383,1200,1
SC,export,2016,Peru,28273,1250,2
SC,export,2016,Paraguai,21815,986,1
SC,export,2016,Canadá,12224,147,7
SC,export,2016,Coveite (Kuweit),9604,110,5
SC,export,2016,Estados Unidos,4847,59,3
SC,export,2016,Dinamarca,4111,44,2
SC,export,2016,Chile,2408,22,1
SC,export,2016,Peru,2362,20,1
SC,export,2016,Hungria,2301,18,1
SC,export,2016,Suíça,2294,22,1
SC,export,2016,Índia,2259,22,1
SC,export,2016,Austrália,2247,22,1
SC,export,2016,Israel,2000,22,1
SC,export,2015,Uruguai,1500000,23500,1
SC,export,2015,Estados Unidos,1234720,30712,5
SC,export,2015,Paraguai,405000,11200,1
SC,export,2015,Austrália,82064,3600,2
SC,export,2015,Emirados Árabes Unidos,79680,5140,2
SC,export,2015,Emirados Árabes Unidos,39360,1540,2
SC,export,2015,Estados Unidos,33093,1700,1
SC,export,2015,Argentina,27444,1469,1
SC,export,2015,Chile,27000,1850,1
SC,export,2015,Países Baixos (Holanda),23023,1800,1
SC,export,2015,Paraguai,15078,1400,1
SC,export,2015,Alemanha,2037,22,1
SC,export,2014,Emirados Árabes Unidos,228055,9170,9
SC,export,2014,Coreia do Sul,117000,3200,1
SC,export,2013,Emirados Árabes Unidos,189269,11104,4
SC,export,2013,Argentina,98000,3654,1
SC,export,2013,Coreia do Sul,77081,4542,2
SC,export,2013,Japão,3000,153,1
SC,export,2013,Portugal,2757,90,2
SC,export,2012,Países Baixos (Holanda),147950,8523,6
SC,export,2011,Países Baixos (Holanda),255357,16244,10
SC,export,2011,Noruega,154342,6300,1
SC,export,2011,Bélgica,128485,7624,3
SC,export,2011,Uruguai,19657,950,1
SC,export,2010,"Virgens, Ilhas (Britânicas)",690353,63520,1
SC,export,2010,Noruega,625790,36697,17
SC,export,2010,Bélgica,103555,5304,2
SC,export,2010,Colômbia,80196,5490,9
SC,export,2010,Países Baixos (Holanda),60019,3702,2
SC,export,2010,Uruguai,6690,1180,1
SC,import,2026,México,71259201,2984792,8680
SC,import,2026,Estados Unidos,1439760,32238,100
SC,import,2026,China,35895,16393,3251
SC,import,2026,Japão,35636,928,5
SC,import,2026,Taiwan (Formosa),33693,2097,90
SC,import,2026,França,32261,172,2
SC,import,2026,México,22503,6050,47
SC,import,2026,China,18813,5754,251
SC,import,2026,China,18455,852,129
SC,import,2026,China,14098,3906,31
SC,import,2026,França,6534,51,1
SC,import,2026,China,6173,58,4
SC,import,2026,China,5682,1897,150
SC,import,2026,Canadá,4736,1278,9
SC,import,2026,Canadá,4736,1278,9
SC,import,2026,Estados Unidos,3112,852,6
SC,import,2026,Taiwan (Formosa),1664,86,900
SC,import,2026,Hong Kong,300,90,2
SC,import,2026,Hong Kong,70,45,1
SC,import,2025,México,101603640,4042925,11452
SC,import,2025,Estados Unidos,11749158,298084,983
SC,import,2025,Japão,2359236,63308,259
SC,import,2025,Itália,1184911,33293,3
SC,import,2025,França,470000,32471,2
SC,import,2025,Brasil,407155,9000,1
SC,import,2025,China,80489,602,54
SC,import,2025,Taiwan (Formosa),69105,4155,180
SC,import,2025,Alemanha,67266,168,2
SC,import,2025,China,62750,20067,4337
SC,import,2025,China,60486,1106,101
SC,import,2025,Dinamarca,53586,722,17
SC,import,2025,China,45940,14243,1355
SC,import,2025,Áustria,37345,823,4
SC,import,2025,Reino Unido,25384,230,1
SC,import,2025,China,21914,7264,1109
SC,import,2025,Tailândia,16500,510,3
SC,import,2025,Canadá,8580,1992,17
SC,import,2025,Itália,5903,120,2
SC,import,2025,China,5351,300,4
SC,import,2025,Reino Unido,4009,611,6
SC,import,2025,China,3002,30,2
SC,import,2025,China,1414,409,3
SC,import,2024,México,132278319,4825909,13694
SC,import,2024,Estados Unidos,2014491,99021,92
SC,import,2024,Estados Unidos,1661584,42168,135
SC,import,2024,China,171708,1382,272
SC,import,2024,Itália,107394,4250,5
SC,import,2024,China,77480,487,44
SC,import,2024,Japão,73000,1856,10
SC,import,2024,China,65186,5505,62
SC,import,2024,Reino Unido,57126,102000,1
SC,import,2024,China,32506,9968,646
SC,import,2024,Brasil,30000,679,4
SC,import,2024,China,22611,7033,2148
SC,import,2024,Dinamarca,21350,300,6
SC,import,2024,Taiwan (Formosa),17929,1072,44
SC,import,2024,Itália,17323,191,1
SC,import,2024,México,15909,3735,39
SC,import,2024,Tailândia,15000,383,2
SC,import,2024,China,8699,3098,1923
SC,import,2024,Austrália,8064,162,1
SC,import,2024,Tailândia,7500,188,1
SC,import,2024,Taiwan (Formosa),1660,332,1
SC,import,2023,México,90340429,3292171,9358
SC,import,2023,Itália,17032069,272085,1
SC,import,2023,Estados Unidos,8082915,207026,741
SC,import,2023,Itália,976034,9000,1
SC,import,2023,Japão,677298,16941,87
SC,import,2023,Canadá,651042,32289,30
SC,import,2023,China,136026,1410,30
SC,import,2023,Taiwan (Formosa),112226,6638,289
SC,import,2023,Estados Unidos,43775,2153,2
SC,import,2023,Colômbia,39070,473,1
SC,import,2023,Estados Unidos,34865,834,3
SC,import,2023,Alemanha,23062,70,2
SC,import,2023,China,23060,118,13
SC,import,2023,Dinamarca,15212,202,4
SC,import,2023,China,13159,4082,1704
SC,import,2023,China,11342,1362,5
SC,import,2023,México,8741,2426,27
SC,import,2023,China,4055,70,22
SC,import,2023,Estados Unidos,3533,111,1
SC,import,2023,China,2170,823,124
SC,import,2023,Itália,1258,65,1
SC,import,2022,México,65313256,2561687,7599
SC,import,2022,Itália,7220847,130000,1
SC,import,2022,México,4808257,246887,740
SC,import,2022,Estados Unidos,2440186,81533,625
SC,import,2022,Estados Unidos,654526,23279,295
SC,import,2022,Japão,234054,5939,32
SC,import,2022,África do Sul,215614,4850,1
SC,import,2022,Taiwan (Formosa),112277,6171,275
SC,import,2022,China,80678,23440,2385
SC,import,2022,França,68000,7900,1
SC,import,2022,China,32295,8016,2600
SC,import,2022,China,27369,7268,1780
SC,import,2022,China,27067,878,25
SC,import,2022,Itália,23688,330,1
SC,import,2022,China,21273,6289,551
SC,import,2022,Hong Kong,13369,1123,40
SC,import,2022,Estados Unidos,11230,500,2
SC,import,2022,França,8141,310,10
SC,import,2022,Hong Kong,8086,233,5
SC,import,2022,Hong Kong,6461,1849,643
SC,import,2022,Estados Unidos,5593,265,2
SC,import,2022,China,28,22,1
SC,import,2021,México,47406055,2548879,7459
SC,import,2021,Itália,11067256,205610,13
SC,import,2021,França,1198576,31435,1
SC,import,2021,Estados Unidos,494275,12946,6
SC,import,2021,Estados Unidos,339856,13881,340
SC,import,2021,Japão,285276,7053,38
SC,import,2021,China,218005,71394,7536
SC,import,2021,França,87959,9186,284
SC,import,2021,China,59034,1566,41
SC,import,2021,Taiwan (Formosa),42221,2716,121
SC,import,2021,Reino Unido,8250,75,3
SC,import,2020,México,24849088,1396600,4170
SC,import,2020,Estados Unidos,80271,4098,219
SC,import,2020,China,55111,26929,4059
SC,import,2020,França,37714,4594,142
SC,import,2020,Estados Unidos,36301,1251,10
SC,import,2020,China,34651,4768,155
SC,import,2020,Argentina,29242,960,1
SC,import,2020,Taiwan (Formosa),27951,1517,68
SC,import,2020,Reino Unido,21350,798,8
SC,import,2020,Reino Unido,543,12,1
SC,import,2020,França,209,127,2
SC,import,2019,México,40019274,2005062,5702
SC,import,2019,Itália,1860745,65300,2
SC,import,2019,Estados Unidos,153117,7704,279
SC,import,2019,China,111133,43418,6460
SC,import,2019,China,67578,7262,193
SC,import,2019,França,25883,2565,87
SC,import,2019,Argentina,22750,592,16
SC,import,2019,Taiwan (Formosa),18408,990,45
SC,import,2019,China,10890,993,24
SC,import,2019,França,9322,444,14
SC,import,2019,Espanha,4866,799,11
SC,import,2019,Estados Unidos,3077,111,1
SC,import,2019,Estados Unidos,95,3,1
SC,import,2018,México,29569430,1543281,4377
SC,import,2018,Itália,2790490,77988,10
SC,import,2018,China,178818,68831,8432
SC,import,2018,China,138871,12850,360
SC,import,2018,Estados Unidos,124813,11786,205
SC,import,2018,Taiwan (Formosa),48371,2048,91
SC,import,2018,Colômbia,37048,380,1
SC,import,2018,França,18660,266,4
SC,import,2018,França,16120,576,18
SC,import,2018,China,10332,1025,25
SC,import,2018,Estados Unidos,7051,288,2
SC,import,2018,Estados Unidos,107,19,1
SC,import,2017,México,21838052,1105822,3273
SC,import,2017,Itália,2400069,65000,1
SC,import,2017,China,204750,67079,6223
SC,import,2017,Estados Unidos,152720,9585,174
SC,import,2017,China,150916,15798,396
SC,import,2017,Estados Unidos,54193,2444,17
SC,import,2017,França,1569,45,2
SC,import,2016,México,7007265,381671,1096
SC,import,2016,Itália,3342470,90000,1
SC,import,2016,China,110007,30115,2978
SC,import,2016,China,103438,9855,280
SC,import,2016,Estados Unidos,31341,1627,34
SC,import,2016,Estados Unidos,29116,1248,12
SC,import,2016,Canadá,10028,27,1
SC,import,2015,México,10830673,759027,2362
SC,import,2015,Reino Unido,2362352,58035,3
SC,import,2015,Canadá,1185603,84751,218
SC,import,2015,China,160964,37190,8835
SC,import,2015,Estados Unidos,95261,4142,69
SC,import,2015,China,72110,7278,250
SC,import,2015,Estados Unidos,27921,1256,11
SC,import,2015,Hong Kong,7740,2812,145
SC,import,2014,Canadá,16887866,910735,2595
SC,import,2014,Itália,11725385,180360,3
SC,import,2014,México,5461416,320302,1544
SC,import,2014,Reino Unido,680158,28000,1
SC,import,2014,Estados Unidos,356052,28815,36
SC,import,2014,China,209809,42620,15377
SC,import,2014,Japão,146180,4438,12
SC,import,2014,Itália,137623,1502,17
SC,import,2014,China,37234,4901,144
SC,import,2014,China,3600,320,1
SC,import,2014,Hong Kong,414,190,6
SC,import,2013,Canadá,22436357,1095630,3048
SC,import,2013,Itália,8623770,198140,8
SC,import,2013,Reino Unido,4749528,152000,6
SC,import,2013,México,1698231,80470,432
SC,import,2013,Japão,549347,17916,52
SC,import,2013,Estados Unidos,359249,28059,30
SC,import,2013,China,286457,18981,63
SC,import,2013,China,246055,67998,25044
SC,import,2013,Tailândia,89452,2044,8
SC,import,2013,Estados Unidos,78123,2939,1
SC,import,2013,Países Baixos (Holanda),22847,175,1
SC,import,2013,Austrália,3137,145,2
SC,import,2013,Hong Kong,2192,165,62
SC,import,2012,Canadá,23627922,1155897,3246
SC,import,2012,Itália,20018569,461929,22
SC,import,2012,Estados Unidos,2587113,156872,123
SC,import,2012,Reino Unido,2206800,61100,2
SC,import,2012,Estados Unidos,1010468,31743,89
SC,import,2012,Japão,988154,32160,94
SC,import,2012,França,237388,13400,1
SC,import,2012,China,190372,12261,55
SC,import,2012,China,115078,33212,9487
SC,import,2012,Reino Unido,17062,285,1
SC,import,2012,Alemanha,8607,159,3
SC,import,2012,Itália,3589,104,6
SC,import,2012,Hong Kong,1900,442,40
SC,import,2012,Estados Unidos,79,5,1
SC,import,2011,Itália,51838372,1013339,54
SC,import,2011,Canadá,24273411,1066425,3055
SC,import,2011,Reino Unido,5924419,78486,4
SC,import,2011,Estados Unidos,2718181,144702,111
SC,import,2011,Turquia,2470288,33000,1
SC,import,2011,Japão,965029,30253,92
SC,import,2011,Estados Unidos,785078,28451,73
SC,import,2011,França,294545,10350,1
SC,import,2011,China,239829,98774,43194
SC,import,2011,França,226205,7500,1
SC,import,2011,China,95533,5041,16
SC,import,2011,França,82155,2800,8
SC,import,2011,Itália,15024,280,1
SC,import,2011,Finlândia,6192,392,1
SC,import,2011,Estados Unidos,5830,145,1
SC,import,2011,China,3900,101,1
SC,import,2010,Itália,41675080,946981,7500
SC,import,2010,Canadá,12800852,679386,1903
SC,import,2010,Itália,1230114,28800,1
SC,import,2010,Estados Unidos,1009451,52830,49
SC,import,2010,Estados Unidos,772796,40664,66
SC,import,2010,Japão,391336,12334,35
SC,import,2010,Reino Unido,375697,10668,1
SC,import,2010,França,194146,8201,1
SC,import,2010,China,123433,57367,20600
SC,import,2010,China,36724,2827,8
SC,import,2010,Eslovênia,26655,320,1
SC,import,2010,Nova Zelândia,22560,117,1
