grupo,flow,year,country,metricFOB,metricKG
cap03,export,2026,Costa do Marfim,5402663,3728770
cap03,export,2026,Estados Unidos,4980731,1459591
cap03,export,2026,Taiwan (Formosa),1963457,120228
cap03,export,2026,Gabão,1639210,949323
cap03,export,2026,China,1315560,768360
cap03,export,2026,Canadá,943471,222084
cap03,export,2026,Congo,882461,613659
cap03,export,2026,Libéria,870041,552998
cap03,export,2026,Nigéria,850699,606145
cap03,export,2026,Guiné,509424,345037
cap03,export,2026,Gana,460620,289805
cap03,export,2026,Burkina Faso,413910,324000
cap03,export,2026,Senegal,370576,233515
cap03,export,2026,Vietnã,243138,66888
cap03,export,2026,Togo,239694,153370
cap03,export,2026,Argentina,207901,85362
cap03,export,2026,Hong Kong,192924,28089
cap03,export,2026,"Congo, República Democrática",178766,108482
cap03,export,2026,Bangladesh,151839,155795
cap03,export,2026,Camarões,148542,106900
cap03,export,2026,"Norfolk, Ilha",144628,41732
cap03,export,2026,Panamá,134668,86159
cap03,export,2026,Emirados Árabes Unidos,126502,28588
cap03,export,2026,Espanha,109167,8287
cap03,export,2026,Coreia do Sul,104167,34226
cap03,export,2026,Namíbia,100606,73830
cap03,export,2026,Guiné Equatorial,89100,54000
cap03,export,2026,México,75740,21640
cap03,export,2026,Moçambique,49350,27000
cap03,export,2026,Malásia,42180,36423
cap03,export,2026,Benin,40000,24795
cap03,export,2026,Singapura,35903,3926
cap03,export,2026,"Marshall, Ilhas",35648,6209
cap03,export,2026,Peru,30000,26220
cap03,export,2026,Bahamas,20931,2552
cap03,export,2026,Alemanha,9631,69
cap03,export,2026,Malta,8217,1528
cap03,export,2026,Japão,5776,170
cap03,export,2026,Itália,4800,30
cap03,export,2026,Dinamarca,3019,495
cap03,export,2026,Antígua e Barbuda,2737,399
cap03,export,2026,Grécia,2406,340
cap03,export,2026,Noruega,2398,356
cap03,export,2026,Portugal,2335,314
cap03,export,2026,Reino Unido,1731,255
cap03,export,2026,Chipre,793,229
cap03,export,2026,Barbados,516,129
cap03,export,2026,Palau,252,39
cap03,export,2026,"Cayman, Ilhas",168,35
cap03,export,2026,Serra Leoa,153,45
cap03,export,2026,Países Baixos (Holanda),132,50
cap03,export,2025,Estados Unidos,9201201,2624425
cap03,export,2025,Gabão,4469999,2597380
cap03,export,2025,Taiwan (Formosa),3921243,194478
cap03,export,2025,China,2732539,1121207
cap03,export,2025,Guiné,1569766,1357064
cap03,export,2025,Costa do Marfim,1569458,1248217
cap03,export,2025,Canadá,1421812,425865
cap03,export,2025,Libéria,1307884,1097202
cap03,export,2025,Congo,1058844,749552
cap03,export,2025,Coreia do Sul,884189,253306
cap03,export,2025,"Congo, República Democrática",695343,505360
cap03,export,2025,Equador,691085,22950
cap03,export,2025,Vietnã,366053,129050
cap03,export,2025,Argentina,334250,140454
cap03,export,2025,Japão,256034,5455
cap03,export,2025,Gana,220877,182742
cap03,export,2025,Hong Kong,209528,4008
cap03,export,2025,Senegal,206406,153461
cap03,export,2025,Colômbia,166554,22005
cap03,export,2025,"Norfolk, Ilha",94378,45564
cap03,export,2025,Nigéria,87842,52600
cap03,export,2025,Togo,83085,53260
cap03,export,2025,Camarões,80458,79545
cap03,export,2025,Malásia,74200,49310
cap03,export,2025,Benin,70589,51905
cap03,export,2025,Panamá,57240,9317
cap03,export,2025,Bahamas,50692,5690
cap03,export,2025,República Dominicana,47800,25155
cap03,export,2025,Guiné Equatorial,45900,27000
cap03,export,2025,"Marshall, Ilhas",44854,8302
cap03,export,2025,Emirados Árabes Unidos,28974,25870
cap03,export,2025,Singapura,26117,2773
cap03,export,2025,República Centro-Africana,24575,22755
cap03,export,2025,Noruega,15039,2120
cap03,export,2025,Malta,14505,2743
cap03,export,2025,Alemanha,6308,136
cap03,export,2025,Chipre,5526,1462
cap03,export,2025,França,4885,31
cap03,export,2025,Filipinas,4876,295
cap03,export,2025,Barbados,4291,787
cap03,export,2025,Grécia,3285,790
cap03,export,2025,Turquia,2632,375
cap03,export,2025,Portugal,2211,402
cap03,export,2025,Tanzânia,2173,322
cap03,export,2025,Suíça,2030,224
cap03,export,2025,Países Baixos (Holanda),1484,245
cap03,export,2025,Reino Unido,1424,312
cap03,export,2025,Antígua e Barbuda,1210,141
cap03,export,2025,Bangladesh,955,360
cap03,export,2025,Índia,876,90
cap03,export,2025,Dinamarca,868,130
cap03,export,2025,São Cristóvão e Névis,474,140
cap03,export,2025,Curaçao,336,35
cap03,export,2025,"Cayman, Ilhas",322,80
cap03,export,2025,Ilha de Man,182,20
cap03,export,2025,Comores,137,20
cap03,export,2025,San Marino,47,15
cap03,export,2024,Estados Unidos,13167104,3568470
cap03,export,2024,Taiwan (Formosa),5117505,251214
cap03,export,2024,Coreia do Sul,2135655,573210
cap03,export,2024,Gabão,1933288,1114560
cap03,export,2024,Costa do Marfim,1100828,968423
cap03,export,2024,Canadá,494393,190039
cap03,export,2024,Libéria,395069,359355
cap03,export,2024,"Congo, República Democrática",369707,271590
cap03,export,2024,Congo,368939,313104
cap03,export,2024,China,366246,128686
cap03,export,2024,Togo,339870,263025
cap03,export,2024,"Norfolk, Ilha",339600,109877
cap03,export,2024,Guiné Equatorial,287210,160030
cap03,export,2024,Guiné,218945,135137
cap03,export,2024,El Salvador,156099,103574
cap03,export,2024,Vietnã,148460,52000
cap03,export,2024,Argentina,143325,73500
cap03,export,2024,Hong Kong,115138,2616
cap03,export,2024,Reino Unido,91184,22010
cap03,export,2024,Marrocos,87680,23230
cap03,export,2024,"Marshall, Ilhas",55325,10938
cap03,export,2024,Panamá,50708,9340
cap03,export,2024,Camarões,50555,52780
cap03,export,2024,Singapura,49158,27081
cap03,export,2024,Gana,48661,27034
cap03,export,2024,Malásia,47080,23940
cap03,export,2024,Benin,42545,28000
cap03,export,2024,Bangladesh,30850,27000
cap03,export,2024,Alemanha,22957,525
cap03,export,2024,Comores,21136,27000
cap03,export,2024,Moçambique,20790,27000
cap03,export,2024,Bahamas,12321,2561
cap03,export,2024,Japão,8595,71
cap03,export,2024,Malta,6657,1388
cap03,export,2024,Áustria,5400,32
cap03,export,2024,Noruega,4681,1029
cap03,export,2024,Grécia,3326,508
cap03,export,2024,Chipre,3193,815
cap03,export,2024,Bulgária,2941,320
cap03,export,2024,Antígua e Barbuda,1805,271
cap03,export,2024,Suíça,1460,166
cap03,export,2024,Ilha de Man,1362,285
cap03,export,2024,Índia,797,150
cap03,export,2024,Gibraltar,636,80
cap03,export,2024,Portugal,617,70
cap03,export,2024,Barbados,598,109
cap03,export,2024,Catar,591,190
cap03,export,2024,Filipinas,476,100
cap03,export,2024,"Cook, Ilhas",361,120
cap03,export,2024,Emirados Árabes Unidos,347,70
cap03,export,2024,Dinamarca,295,60
cap03,export,2024,Polônia,188,16
cap03,export,2024,Turquia,141,40
cap03,export,2024,Serra Leoa,62,20
cap03,export,2024,Chile,38,4
cap03,export,2023,Estados Unidos,11907546,3455699
cap03,export,2023,Coreia do Sul,2488004,634502
cap03,export,2023,Taiwan (Formosa),1975033,87129
cap03,export,2023,Costa do Marfim,1479305,1635280
cap03,export,2023,Gabão,1358999,773451
cap03,export,2023,Camarões,1312912,1105141
cap03,export,2023,China,896707,443287
cap03,export,2023,Reino Unido,577856,532813
cap03,export,2023,Libéria,473022,378397
cap03,export,2023,Togo,462575,420435
cap03,export,2023,"Congo, República Democrática",397552,261215
cap03,export,2023,Benin,371250,297000
cap03,export,2023,Peru,324920,200761
cap03,export,2023,Congo,316252,214565
cap03,export,2023,Canadá,219514,62517
cap03,export,2023,Argentina,216751,109991
cap03,export,2023,Hong Kong,209731,20939
cap03,export,2023,Marrocos,182634,168044
cap03,export,2023,Emirados Árabes Unidos,149865,121020
cap03,export,2023,Malásia,97847,40605
cap03,export,2023,Uruguai,95312,104855
cap03,export,2023,Guiné Equatorial,90800,52290
cap03,export,2023,Angola,83538,26550
cap03,export,2023,Gana,79850,80000
cap03,export,2023,Antígua e Barbuda,51569,21865
cap03,export,2023,São Cristóvão e Névis,44193,19263
cap03,export,2023,Japão,43767,520
cap03,export,2023,Guiné,42605,25840
cap03,export,2023,Singapura,41164,3925
cap03,export,2023,Panamá,35180,7775
cap03,export,2023,"Marshall, Ilhas",34794,7905
cap03,export,2023,Colômbia,29294,18122
cap03,export,2023,Portugal,18207,2844
cap03,export,2023,Bahamas,12402,2400
cap03,export,2023,Alemanha,8820,334
cap03,export,2023,Paraguai,8617,5400
cap03,export,2023,Chipre,6821,1759
cap03,export,2023,Malta,6175,1547
cap03,export,2023,Noruega,4353,1065
cap03,export,2023,Itália,2888,51
cap03,export,2023,Israel,2600,51
cap03,export,2023,Grécia,2401,619
cap03,export,2023,Suíça,2246,394
cap03,export,2023,Dinamarca,1406,206
cap03,export,2023,Barbados,1320,98
cap03,export,2023,Países Baixos (Holanda),1083,701
cap03,export,2023,Vanuatu,885,120
cap03,export,2023,"Cook, Ilhas",835,79
cap03,export,2023,"Cayman, Ilhas",727,78
cap03,export,2023,Belize,691,112
cap03,export,2023,Palau,385,45
cap03,export,2023,Tailândia,326,60
cap03,export,2023,Croácia,206,34
cap03,export,2023,Polônia,182,23
cap03,export,2023,Índia,161,60
cap03,export,2022,Estados Unidos,10261163,2949474
cap03,export,2022,Taiwan (Formosa),5286049,156520
cap03,export,2022,Coreia do Sul,2742816,784471
cap03,export,2022,Gabão,1588320,967793
cap03,export,2022,Hong Kong,1465891,67637
cap03,export,2022,Costa do Marfim,1409232,1388496
cap03,export,2022,China,1222374,573704
cap03,export,2022,Togo,710540,589958
cap03,export,2022,Congo,540655,375755
cap03,export,2022,"Congo, República Democrática",493690,311195
cap03,export,2022,Libéria,487175,435132
cap03,export,2022,Colômbia,453052,102638
cap03,export,2022,Camarões,383961,285013
cap03,export,2022,Uruguai,380713,303000
cap03,export,2022,Argentina,328783,161562
cap03,export,2022,Canadá,212278,62933
cap03,export,2022,Nigéria,95736,53510
cap03,export,2022,Benin,93737,103288
cap03,export,2022,Japão,92007,851
cap03,export,2022,Malásia,51352,21669
cap03,export,2022,Marrocos,50942,55962
cap03,export,2022,"Marshall, Ilhas",48765,9072
cap03,export,2022,Panamá,24965,5226
cap03,export,2022,Singapura,22122,1658
cap03,export,2022,Israel,9770,44
cap03,export,2022,Bahamas,9716,1499
cap03,export,2022,Noruega,6341,946
cap03,export,2022,Malta,4526,1007
cap03,export,2022,Alemanha,3470,126
cap03,export,2022,Itália,2979,64
cap03,export,2022,Reino Unido,2977,620
cap03,export,2022,Dinamarca,2602,305
cap03,export,2022,Portugal,2088,250
cap03,export,2022,Países Baixos (Holanda),1893,380
cap03,export,2022,Belize,1810,143
cap03,export,2022,Irã,1644,161
cap03,export,2022,"Cayman, Ilhas",1572,239
cap03,export,2022,Vietnã,1539,200
cap03,export,2022,Chipre,1475,253
cap03,export,2022,Antígua e Barbuda,1354,221
cap03,export,2022,Irlanda,1187,210
cap03,export,2022,Barbados,1115,197
cap03,export,2022,Filipinas,1086,150
cap03,export,2022,São Vicente e Granadinas,815,142
cap03,export,2022,Grécia,814,190
cap03,export,2022,"Cocos (Keeling), Ilhas",744,94
cap03,export,2022,Suíça,703,101
cap03,export,2022,Arábia Saudita,650,82
cap03,export,2022,Ilha de Man,350,30
cap03,export,2022,Índia,297,55
cap03,export,2022,Tailândia,233,85
cap03,export,2022,Chile,58,7
cap03,export,2021,Estados Unidos,7543888,2119611
cap03,export,2021,Coreia do Sul,3733321,1077025
cap03,export,2021,Taiwan (Formosa),3124277,112784
cap03,export,2021,Hong Kong,1529227,118631
cap03,export,2021,China,842878,232834
cap03,export,2021,Congo,600989,449537
cap03,export,2021,Gabão,533227,341185
cap03,export,2021,Libéria,420510,384531
cap03,export,2021,Argentina,365579,194328
cap03,export,2021,Senegal,322333,70175
cap03,export,2021,"Congo, República Democrática",192419,130420
cap03,export,2021,Japão,163441,1332
cap03,export,2021,Serra Leoa,149936,176685
cap03,export,2021,Canadá,135372,47915
cap03,export,2021,Togo,107499,78900
cap03,export,2021,Chile,65164,12539
cap03,export,2021,Marrocos,60790,56012
cap03,export,2021,Camarões,56795,54090
cap03,export,2021,Uruguai,54025,20865
cap03,export,2021,Malásia,45079,23380
cap03,export,2021,Guiné Equatorial,43725,26500
cap03,export,2021,Gana,37100,26300
cap03,export,2021,Panamá,35553,7027
cap03,export,2021,"Marshall, Ilhas",25493,5064
cap03,export,2021,Singapura,17416,2489
cap03,export,2021,Israel,15531,55
cap03,export,2021,Bahamas,9643,1915
cap03,export,2021,Malta,5982,1091
cap03,export,2021,Noruega,5528,949
cap03,export,2021,Países Baixos (Holanda),5396,264
cap03,export,2021,Alemanha,4112,730
cap03,export,2021,Polônia,2086,185
cap03,export,2021,Filipinas,1312,285
cap03,export,2021,Ilha de Man,1205,217
cap03,export,2021,Curaçao,1055,162
cap03,export,2021,Dinamarca,1046,178
cap03,export,2021,Chipre,967,298
cap03,export,2021,Reino Unido,899,189
cap03,export,2021,Portugal,839,122
cap03,export,2021,Irã,593,72
cap03,export,2021,"Cayman, Ilhas",427,90
cap03,export,2021,Grécia,344,112
cap03,export,2021,Vanuatu,232,33
cap03,export,2021,Itália,210,78
cap03,export,2021,Antígua e Barbuda,180,39
cap03,export,2021,Turquia,119,30
cap03,export,2020,Estados Unidos,6805461,1964461
cap03,export,2020,Coreia do Sul,4232566,1110196
cap03,export,2020,Taiwan (Formosa),2046235,83509
cap03,export,2020,Hong Kong,1088555,179591
cap03,export,2020,Gabão,678266,473740
cap03,export,2020,China,613463,178873
cap03,export,2020,Congo,551634,447275
cap03,export,2020,Argentina,508161,181698
cap03,export,2020,Vietnã,362342,196170
cap03,export,2020,Libéria,345008,379408
cap03,export,2020,Senegal,299330,72010
cap03,export,2020,Egito,283390,310455
cap03,export,2020,Costa do Marfim,227935,247869
cap03,export,2020,Nigéria,208070,208070
cap03,export,2020,Camarões,168880,129770
cap03,export,2020,Nova Zelândia,163945,17500
cap03,export,2020,Togo,147252,129485
cap03,export,2020,Gana,130519,126840
cap03,export,2020,"Congo, República Democrática",111188,80040
cap03,export,2020,Suriname,96143,78900
cap03,export,2020,Peru,84126,18480
cap03,export,2020,Singapura,81264,48183
cap03,export,2020,Tailândia,68169,25000
cap03,export,2020,Uruguai,65025,76500
cap03,export,2020,Malásia,27008,20900
cap03,export,2020,Portugal,23721,2686
cap03,export,2020,Japão,19163,404
cap03,export,2020,Omã,16497,27000
cap03,export,2020,Panamá,14865,3341
cap03,export,2020,"Marshall, Ilhas",14418,3522
cap03,export,2020,Países Baixos (Holanda),12113,590
cap03,export,2020,Bahamas,5954,1166
cap03,export,2020,Malta,5524,1495
cap03,export,2020,Alemanha,2063,589
cap03,export,2020,Noruega,2028,393
cap03,export,2020,Grécia,1821,376
cap03,export,2020,Irã,1726,344
cap03,export,2020,Chipre,1222,418
cap03,export,2020,"Cayman, Ilhas",761,172
cap03,export,2020,Reino Unido,587,171
cap03,export,2020,Filipinas,503,165
cap03,export,2019,Coreia do Sul,5292142,1389400
cap03,export,2019,Estados Unidos,4978093,1528917
cap03,export,2019,Taiwan (Formosa),4771922,286188
cap03,export,2019,Marrocos,1664777,1797747
cap03,export,2019,China,1563504,426169
cap03,export,2019,Senegal,1200138,47933
cap03,export,2019,Argentina,1060335,273902
cap03,export,2019,Hong Kong,804107,70143
cap03,export,2019,Congo,544770,364820
cap03,export,2019,Gabão,453745,262760
cap03,export,2019,Tailândia,238757,54465
cap03,export,2019,Canadá,230001,90502
cap03,export,2019,"Congo, República Democrática",190894,133400
cap03,export,2019,Portugal,169174,13341
cap03,export,2019,Nova Zelândia,168962,15900
cap03,export,2019,Camarões,157337,105800
cap03,export,2019,Emirados Árabes Unidos,154448,16000
cap03,export,2019,Chile,125656,19025
cap03,export,2019,Vietnã,116462,45735
cap03,export,2019,Uruguai,110975,40083
cap03,export,2019,Reino Unido,82376,53570
cap03,export,2019,Angola,82122,52765
cap03,export,2019,Japão,78855,1453
cap03,export,2019,Singapura,50896,27956
cap03,export,2019,Malásia,50661,22000
cap03,export,2019,Peru,48502,9980
cap03,export,2019,Guiné Equatorial,45050,26500
cap03,export,2019,Espanha,40882,26720
cap03,export,2019,Libéria,36503,28352
cap03,export,2019,Omã,32994,54000
cap03,export,2019,Filipinas,28771,6864
cap03,export,2019,"Virgens, Ilhas (Britânicas)",28769,28008
cap03,export,2019,"Marshall, Ilhas",15452,2799
cap03,export,2019,Panamá,13780,4396
cap03,export,2019,Bahamas,12649,1829
cap03,export,2019,Irã,7794,1465
cap03,export,2019,Noruega,3141,572
cap03,export,2019,Alemanha,1825,407
cap03,export,2019,Chipre,1317,449
cap03,export,2019,Malta,1160,376
cap03,export,2019,Bélgica,882,136
cap03,export,2019,Países Baixos (Holanda),874,283
cap03,export,2019,Austrália,831,13
cap03,export,2019,Grécia,742,84
cap03,export,2019,Barbados,556,119
cap03,export,2019,Dinamarca,407,36
cap03,export,2019,Turquia,355,59
cap03,export,2019,Antígua e Barbuda,214,48
cap03,export,2019,"Cayman, Ilhas",66,15
cap03,export,2018,Taiwan (Formosa),6341774,247099
cap03,export,2018,Estados Unidos,3849512,1062509
cap03,export,2018,Coreia do Sul,3805817,973781
cap03,export,2018,China,1375806,361980
cap03,export,2018,Vietnã,1287228,344240
cap03,export,2018,Hong Kong,1153884,54459
cap03,export,2018,Senegal,598408,20533
cap03,export,2018,Argentina,479018,162794
cap03,export,2018,Uruguai,396408,291500
cap03,export,2018,Congo,283459,182026
cap03,export,2018,Angola,250595,184870
cap03,export,2018,Gabão,226950,130795
cap03,export,2018,Marrocos,166424,164858
cap03,export,2018,Togo,157310,103760
cap03,export,2018,Egito,150435,6515
cap03,export,2018,Libéria,97243,104049
cap03,export,2018,Tailândia,93295,46398
cap03,export,2018,Japão,92538,1544
cap03,export,2018,Chile,52239,10296
cap03,export,2018,El Salvador,49783,25584
cap03,export,2018,Malásia,40470,24155
cap03,export,2018,"Congo, República Democrática",35327,26320
cap03,export,2018,Canadá,28190,24000
cap03,export,2018,Filipinas,15972,5040
cap03,export,2018,Panamá,3373,935
cap03,export,2018,Noruega,2180,779
cap03,export,2018,Malta,1953,383
cap03,export,2018,Bahamas,1508,144
cap03,export,2018,Singapura,1383,489
cap03,export,2018,"Marshall, Ilhas",1087,317
cap03,export,2018,Emirados Árabes Unidos,1080,15
cap03,export,2018,Provisão de Navios e Aeronaves,799,168
cap03,export,2018,Alemanha,442,138
cap03,export,2018,São Vicente e Granadinas,253,146
cap03,export,2018,Antígua e Barbuda,216,30
cap03,export,2018,Austrália,33,6
cap03,export,2017,Vietnã,4868710,1660573
cap03,export,2017,Taiwan (Formosa),3186921,211804
cap03,export,2017,Estados Unidos,2928931,867441
cap03,export,2017,Portugal,1064365,226681
cap03,export,2017,Coreia do Sul,902000,329236
cap03,export,2017,Hong Kong,794304,21913
cap03,export,2017,Gabão,774130,472605
cap03,export,2017,Espanha,735638,24403
cap03,export,2017,Canadá,430054,100746
cap03,export,2017,França,404471,11509
cap03,export,2017,China,298655,150050
cap03,export,2017,Itália,273307,14074
cap03,export,2017,Nigéria,205083,131170
cap03,export,2017,Argentina,174440,98000
cap03,export,2017,Congo,159000,103000
cap03,export,2017,Camarões,139100,104000
cap03,export,2017,"Congo, República Democrática",128020,104000
cap03,export,2017,Guiné Equatorial,83200,52000
cap03,export,2017,Japão,70691,1171
cap03,export,2017,Angola,69499,52135
cap03,export,2017,Libéria,35626,26000
cap03,export,2017,Países Baixos (Holanda),5488,61
cap03,export,2017,Reino Unido,2427,35
cap03,export,2017,Filipinas,120,40
cap03,export,2017,Tailândia,30,10
cap03,export,2016,Taiwan (Formosa),3276501,214225
cap03,export,2016,Coreia do Sul,2971461,999173
cap03,export,2016,Estados Unidos,2839901,881197
cap03,export,2016,Portugal,1987355,414133
cap03,export,2016,Gabão,925122,499605
cap03,export,2016,Vietnã,829211,518550
cap03,export,2016,Itália,758201,46261
cap03,export,2016,Hong Kong,659240,20088
cap03,export,2016,"Congo, República Democrática",485104,312440
cap03,export,2016,China,476660,311385
cap03,export,2016,Angola,364064,205509
cap03,export,2016,Argentina,293497,131171
cap03,export,2016,Congo,291110,183490
cap03,export,2016,Guiné Equatorial,289120,156000
cap03,export,2016,Canadá,174585,16094
cap03,export,2016,Espanha,153246,22962
cap03,export,2016,França,68636,9083
cap03,export,2016,Japão,56662,944
cap03,export,2016,Bélgica,49272,20000
cap03,export,2016,Índia,43100,50000
cap03,export,2016,Singapura,38250,26000
cap03,export,2016,Camarões,33138,26510
cap03,export,2016,República Dominicana,22000,25000
cap03,export,2016,Suíça,273,61
cap03,export,2015,Coreia do Sul,4205896,1374540
cap03,export,2015,Taiwan (Formosa),2457388,189242
cap03,export,2015,Estados Unidos,1931529,579351
cap03,export,2015,Portugal,1623661,297796
cap03,export,2015,Angola,1297381,779170
cap03,export,2015,Espanha,1281403,60302
cap03,export,2015,França,849403,78257
cap03,export,2015,China,785864,481555
cap03,export,2015,Hong Kong,574719,19764
cap03,export,2015,Gabão,549254,285800
cap03,export,2015,Itália,536485,17170
cap03,export,2015,Costa do Marfim,504723,458600
cap03,export,2015,Nigéria,493618,277540
cap03,export,2015,"Congo, República Democrática",319045,230570
cap03,export,2015,Vietnã,289677,145945
cap03,export,2015,Argentina,196179,66203
cap03,export,2015,Guiné Equatorial,141965,35830
cap03,export,2015,Coreia do Norte,137887,64300
cap03,export,2015,Japão,71823,1196
cap03,export,2015,Benin,62059,52510
cap03,export,2015,Países Baixos (Holanda),45820,20000
cap03,export,2015,Suíça,277,62
cap03,export,2014,Coreia do Sul,6304961,1949750
cap03,export,2014,Estados Unidos,4112717,945917
cap03,export,2014,Angola,2112238,1227355
cap03,export,2014,Costa do Marfim,1430435,1177445
cap03,export,2014,Taiwan (Formosa),1385014,62706
cap03,export,2014,China,1138576,510426
cap03,export,2014,Argentina,1113653,497805
cap03,export,2014,Itália,1090443,36297
cap03,export,2014,Espanha,851818,20657
cap03,export,2014,Ucrânia,823953,444320
cap03,export,2014,Portugal,808225,140378
cap03,export,2014,Gabão,556945,308740
cap03,export,2014,França,547834,87151
cap03,export,2014,Nigéria,521933,328200
cap03,export,2014,Guiné Equatorial,388710,82500
cap03,export,2014,"Congo, República Democrática",354320,234510
cap03,export,2014,Hong Kong,298227,9165
cap03,export,2014,Camarões,186100,132000
cap03,export,2014,Canadá,180782,20029
cap03,export,2014,Gana,129170,120000
cap03,export,2014,Vietnã,124461,105060
cap03,export,2014,Colômbia,117282,41534
cap03,export,2014,Reino Unido,93916,46420
cap03,export,2014,Países Baixos (Holanda),90776,40000
cap03,export,2014,Japão,57204,953
cap03,export,2014,Congo,39000,26000
cap03,export,2014,Tailândia,9280,26500
cap03,export,2013,Coreia do Sul,7179434,2194282
cap03,export,2013,Estados Unidos,3045645,879837
cap03,export,2013,Taiwan (Formosa),2508179,143201
cap03,export,2013,Portugal,1476404,274751
cap03,export,2013,Angola,1385387,861895
cap03,export,2013,Argentina,1259980,530811
cap03,export,2013,Suíça,659171,16912
cap03,export,2013,França,615444,119474
cap03,export,2013,China,572531,399210
cap03,export,2013,Espanha,491223,24970
cap03,export,2013,Costa do Marfim,469939,428270
cap03,export,2013,Nigéria,414528,234000
cap03,export,2013,Gabão,406128,237500
cap03,export,2013,Colômbia,379449,125200
cap03,export,2013,Ucrânia,345807,184955
cap03,export,2013,"Congo, República Democrática",312320,213880
cap03,export,2013,Gana,242569,196850
cap03,export,2013,Vietnã,219880,129200
cap03,export,2013,Camarões,217123,134000
cap03,export,2013,Congo,186220,106500
cap03,export,2013,Hong Kong,164240,101500
cap03,export,2013,Guiné Equatorial,125738,13940
cap03,export,2013,Togo,79650,78000
cap03,export,2013,El Salvador,49898,24999
cap03,export,2013,Países Baixos (Holanda),41700,20000
cap03,export,2013,Uruguai,1706,50
cap03,export,2013,Alemanha,296,225
cap03,export,2013,Bélgica,27,20
cap03,export,2012,Tailândia,8232890,3892137
cap03,export,2012,Coreia do Sul,7511877,2294044
cap03,export,2012,Espanha,4398996,1566590
cap03,export,2012,Estados Unidos,2824289,731585
cap03,export,2012,Itália,1763294,701306
cap03,export,2012,Portugal,1746289,276986
cap03,export,2012,Argentina,1653635,765063
cap03,export,2012,Angola,1283949,838910
cap03,export,2012,Taiwan (Formosa),1046167,78240
cap03,export,2012,Costa do Marfim,744933,569860
cap03,export,2012,França,627118,50544
cap03,export,2012,China,539406,173727
cap03,export,2012,Suíça,447130,14324
cap03,export,2012,Bélgica,210713,24538
cap03,export,2012,Benin,169393,109000
cap03,export,2012,Vietnã,169250,79510
cap03,export,2012,Gabão,138479,77820
cap03,export,2012,"Congo, República Democrática",124875,103500
cap03,export,2012,Gana,111012,80000
cap03,export,2012,Guiné Equatorial,87400,56000
cap03,export,2012,Moldávia,83078,53000
cap03,export,2012,Israel,75755,53000
cap03,export,2012,Hong Kong,59383,22430
cap03,export,2012,Países Baixos (Holanda),44650,19060
cap03,export,2012,Togo,38225,28000
cap03,export,2012,Japão,15,20
cap03,export,2011,Tailândia,4045526,2323988
cap03,export,2011,Taiwan (Formosa),3261098,221498
cap03,export,2011,Coreia do Sul,2917580,975978
cap03,export,2011,Portugal,2158887,247636
cap03,export,2011,Espanha,1766576,275539
cap03,export,2011,França,1632667,159300
cap03,export,2011,Argentina,1244600,661500
cap03,export,2011,Estados Unidos,1236836,379952
cap03,export,2011,Itália,1110929,132335
cap03,export,2011,Ucrânia,887463,533135
cap03,export,2011,El Salvador,667248,401352
cap03,export,2011,Angola,612287,387950
cap03,export,2011,China,495857,285586
cap03,export,2011,Guiné Equatorial,134143,78275
cap03,export,2011,Costa do Marfim,98202,56000
cap03,export,2011,Vietnã,96170,79500
cap03,export,2011,Gabão,77800,53000
cap03,export,2011,Camarões,72615,53000
cap03,export,2011,Hong Kong,67840,53000
cap03,export,2011,"Congo, República Democrática",40075,26500
cap03,export,2011,Congo,37660,26500
cap03,export,2011,Geórgia,33920,26500
cap03,export,2010,Taiwan (Formosa),2369340,163904
cap03,export,2010,China,2096002,212730
cap03,export,2010,França,1917108,241520
cap03,export,2010,Portugal,1859551,312932
cap03,export,2010,Coreia do Sul,1502640,615652
cap03,export,2010,Argentina,988111,573555
cap03,export,2010,Itália,776550,40139
cap03,export,2010,Estados Unidos,655199,240642
cap03,export,2010,Espanha,604087,24000
cap03,export,2010,Suíça,482374,19976
cap03,export,2010,Canadá,477290,101538
cap03,export,2010,Costa do Marfim,424035,297000
cap03,export,2010,Angola,332190,252000
cap03,export,2010,Japão,289000,11000
cap03,export,2010,Nigéria,174080,125000
cap03,export,2010,Congo,68900,53000
cap03,export,2010,Gana,35775,26500
cap03,export,2010,Gabão,34500,26500
cap03,export,2010,"Congo, República Democrática",34450,26500
cap03,export,2010,Guiné Equatorial,33600,24000
cap03,import,2026,Chile,203248286,27944577
cap03,import,2026,Vietnã,50482747,16554909
cap03,import,2026,Argentina,14935586,3161245
cap03,import,2026,Peru,11743942,2210348
cap03,import,2026,China,5158693,1241250
cap03,import,2026,Portugal,2785906,168872
cap03,import,2026,Omã,2572808,3483000
cap03,import,2026,Equador,1013678,287142
cap03,import,2026,Noruega,957040,100200
cap03,import,2026,Espanha,780300,55276
cap03,import,2026,Nova Zelândia,422648,62043
cap03,import,2026,Japão,243262,384000
cap03,import,2026,Marrocos,183719,112032
cap03,import,2026,Taiwan (Formosa),178200,165000
cap03,import,2026,Índia,148176,20000
cap03,import,2026,Uruguai,136488,94500
cap03,import,2026,Estados Unidos,120000,3000
cap03,import,2026,Reino Unido,99000,3000
cap03,import,2026,México,19346,27000
cap03,import,2025,Chile,233981306,34799590
cap03,import,2025,Vietnã,62781961,21890921
cap03,import,2025,Argentina,18439513,4453274
cap03,import,2025,China,16609647,4258654
cap03,import,2025,Marrocos,6119600,3864072
cap03,import,2025,Peru,5832038,766369
cap03,import,2025,Portugal,4099752,536863
cap03,import,2025,Omã,3074792,3915000
cap03,import,2025,Equador,2707041,570327
cap03,import,2025,Noruega,2616338,345300
cap03,import,2025,Japão,1787232,2567100
cap03,import,2025,Taiwan (Formosa),1294180,771624
cap03,import,2025,Espanha,789418,168561
cap03,import,2025,Estados Unidos,515060,33583
cap03,import,2025,Uruguai,504269,253251
cap03,import,2025,México,456102,646000
cap03,import,2025,Nova Zelândia,111070,12000
cap03,import,2025,Índia,71300,15000
cap03,import,2025,Venezuela,36669,26796
cap03,import,2024,Chile,238590709,31753960
cap03,import,2024,Vietnã,40912550,15161809
cap03,import,2024,Argentina,21513785,5058702
cap03,import,2024,China,11491929,3199875
cap03,import,2024,Peru,7875907,1634721
cap03,import,2024,Equador,6524538,889564
cap03,import,2024,Portugal,5552814,671786
cap03,import,2024,Marrocos,4081715,3472918
cap03,import,2024,Taiwan (Formosa),2345173,878447
cap03,import,2024,Noruega,2292223,242000
cap03,import,2024,Omã,1775688,2187000
cap03,import,2024,Uruguai,1666616,729293
cap03,import,2024,Nova Zelândia,1386698,135130
cap03,import,2024,Espanha,1322202,333822
cap03,import,2024,Canadá,524276,14170
cap03,import,2024,Estados Unidos,412237,30173
cap03,import,2024,México,144557,205370
cap03,import,2024,Islândia,110987,22000
cap03,import,2024,Singapura,30622,23221
cap03,import,2023,Chile,250044891,34478063
cap03,import,2023,Vietnã,33878041,11168581
cap03,import,2023,Marrocos,16357452,14832302
cap03,import,2023,Argentina,12146341,3284826
cap03,import,2023,Peru,8746812,2725175
cap03,import,2023,Portugal,7592774,1302940
cap03,import,2023,China,5650039,1675790
cap03,import,2023,Equador,4454809,644395
cap03,import,2023,Omã,3796252,5157000
cap03,import,2023,Uruguai,2122107,929445
cap03,import,2023,Noruega,1696080,181500
cap03,import,2023,Nova Zelândia,1522439,156160
cap03,import,2023,Taiwan (Formosa),1346968,753568
cap03,import,2023,Espanha,1076240,316705
cap03,import,2023,Estados Unidos,391324,68229
cap03,import,2023,Lituânia,133037,18840
cap03,import,2023,Canadá,126551,3200
cap03,import,2023,México,38401,54000
cap03,import,2022,Chile,240667311,30355311
cap03,import,2022,Marrocos,43879003,40866516
cap03,import,2022,Vietnã,35157810,10727223
cap03,import,2022,Argentina,24297702,6514400
cap03,import,2022,Omã,13882499,18305400
cap03,import,2022,Portugal,5987940,838168
cap03,import,2022,Peru,5486775,1618833
cap03,import,2022,China,5274670,1751532
cap03,import,2022,Uruguai,3228741,1264683
cap03,import,2022,Noruega,2789106,431786
cap03,import,2022,Equador,1891440,394184
cap03,import,2022,Nova Zelândia,1425984,165804
cap03,import,2022,Taiwan (Formosa),1374324,796604
cap03,import,2022,Espanha,288517,139054
cap03,import,2022,Estados Unidos,282220,64774
cap03,import,2022,Islândia,259167,47824
cap03,import,2022,Lituânia,130226,18720
cap03,import,2022,Canadá,99580,23600
cap03,import,2022,Singapura,51052,23516
cap03,import,2022,México,40249,54000
cap03,import,2021,Chile,218225125,33522430
cap03,import,2021,Marrocos,29038236,27650524
cap03,import,2021,Argentina,24025853,7872571
cap03,import,2021,Vietnã,22653592,9981892
cap03,import,2021,Omã,18646743,28107000
cap03,import,2021,Peru,7653299,2293478
cap03,import,2021,Portugal,6908126,1031015
cap03,import,2021,China,5374822,1965064
cap03,import,2021,Uruguai,2996685,1559377
cap03,import,2021,Equador,2851854,670632
cap03,import,2021,Noruega,2801327,360000
cap03,import,2021,Nova Zelândia,2263141,271320
cap03,import,2021,Países Baixos (Holanda),1833020,2214300
cap03,import,2021,Taiwan (Formosa),1498839,993972
cap03,import,2021,Espanha,1250641,761780
cap03,import,2021,Islândia,385273,103629
cap03,import,2021,Estados Unidos,104472,3000
cap03,import,2021,México,93831,181965
cap03,import,2021,África do Sul,56685,18278
cap03,import,2021,Singapura,24811,25000
cap03,import,2020,Chile,128808992,31843853
cap03,import,2020,Marrocos,30900436,32743690
cap03,import,2020,Argentina,16129843,5992339
cap03,import,2020,Vietnã,14312156,7073456
cap03,import,2020,Omã,10953752,17036000
cap03,import,2020,China,7464740,2048036
cap03,import,2020,Peru,5161860,1518371
cap03,import,2020,Equador,4119319,929968
cap03,import,2020,Portugal,3803524,665014
cap03,import,2020,Países Baixos (Holanda),2708349,4114770
cap03,import,2020,Uruguai,1943462,967969
cap03,import,2020,Nova Zelândia,1188476,131310
cap03,import,2020,Taiwan (Formosa),1044862,608644
cap03,import,2020,Espanha,1012901,872207
cap03,import,2020,Noruega,763812,77500
cap03,import,2020,México,139905,281700
cap03,import,2020,África do Sul,137113,52228
cap03,import,2020,Estados Unidos,69112,25200
cap03,import,2020,Japão,31875,47700
cap03,import,2019,Chile,150295774,24355574
cap03,import,2019,Marrocos,51233984,53749492
cap03,import,2019,Argentina,19187302,6318635
cap03,import,2019,Vietnã,18815391,7137116
cap03,import,2019,China,8646496,2392920
cap03,import,2019,Peru,7949492,2290610
cap03,import,2019,Omã,5062000,8174000
cap03,import,2019,Noruega,4235134,473750
cap03,import,2019,Uruguai,3589678,1354483
cap03,import,2019,Portugal,3219468,410024
cap03,import,2019,Equador,3214030,923221
cap03,import,2019,Taiwan (Formosa),2852940,1400386
cap03,import,2019,Nova Zelândia,1610406,176330
cap03,import,2019,Espanha,1481257,760712
cap03,import,2019,México,610130,1169775
cap03,import,2019,Países Baixos (Holanda),539193,843040
cap03,import,2019,Estados Unidos,339271,89318
cap03,import,2019,Islândia,235972,59954
cap03,import,2019,África do Sul,229437,110941
cap03,import,2019,Canadá,104310,22412
cap03,import,2019,Quênia,1016,488
cap03,import,2019,Indonésia,146,98
cap03,import,2018,Chile,133326460,20254820
cap03,import,2018,Marrocos,57532554,58191874
cap03,import,2018,Argentina,19751652,6386013
cap03,import,2018,Vietnã,18550489,6725010
cap03,import,2018,China,15173460,4282615
cap03,import,2018,Omã,12486483,19438287
cap03,import,2018,Peru,8260474,2417933
cap03,import,2018,Portugal,5676001,848538
cap03,import,2018,Uruguai,4307298,1629261
cap03,import,2018,Espanha,2928912,1251358
cap03,import,2018,Noruega,2550723,333000
cap03,import,2018,Equador,2537776,1018811
cap03,import,2018,Taiwan (Formosa),2101668,1025474
cap03,import,2018,Nova Zelândia,894549,106206
cap03,import,2018,Islândia,667897,169719
cap03,import,2018,Estados Unidos,644147,202453
cap03,import,2018,México,129678,233955
cap03,import,2018,Panamá,111324,26500
cap03,import,2018,África do Sul,108072,17558
cap03,import,2018,Tailândia,70204,7005
cap03,import,2018,Indonésia,329,80
cap03,import,2017,Chile,109429703,15800316
cap03,import,2017,Marrocos,34895084,38852133
cap03,import,2017,Vietnã,23108284,11911114
cap03,import,2017,Argentina,20979365,7390092
cap03,import,2017,Omã,16161614,28591920
cap03,import,2017,China,15043183,4570940
cap03,import,2017,Peru,7604179,2760774
cap03,import,2017,Portugal,4323982,727414
cap03,import,2017,Equador,4223922,2476100
cap03,import,2017,Uruguai,4020062,1889077
cap03,import,2017,Países Baixos (Holanda),2959281,4591389
cap03,import,2017,Noruega,2697566,332000
cap03,import,2017,Espanha,2664499,1235731
cap03,import,2017,Taiwan (Formosa),1416019,777829
cap03,import,2017,Nova Zelândia,1090329,132550
cap03,import,2017,Estados Unidos,557297,149847
cap03,import,2017,Singapura,295968,249970
cap03,import,2017,Canadá,90622,20054
cap03,import,2017,Panamá,29705,26500
cap03,import,2017,África do Sul,24244,18719
cap03,import,2016,Chile,114480371,19035086
cap03,import,2016,Marrocos,23180024,26161129
cap03,import,2016,Argentina,15677234,5529124
cap03,import,2016,Vietnã,15649231,11260330
cap03,import,2016,Omã,15393899,25856970
cap03,import,2016,China,13650640,6139591
cap03,import,2016,Peru,5873065,2195984
cap03,import,2016,Noruega,3875926,752850
cap03,import,2016,Uruguai,2309615,1106204
cap03,import,2016,Equador,2234309,1430483
cap03,import,2016,Portugal,1929433,443209
cap03,import,2016,Alemanha,1774595,2558244
cap03,import,2016,Estados Unidos,1487456,473045
cap03,import,2016,Islândia,1206122,339444
cap03,import,2016,Espanha,1038280,655817
cap03,import,2016,El Salvador,986067,724697
cap03,import,2016,Nova Zelândia,810647,95260
cap03,import,2016,Panamá,665016,424000
cap03,import,2016,Taiwan (Formosa),465113,307000
cap03,import,2016,Singapura,306844,274968
cap03,import,2016,Países Baixos (Holanda),292137,442926
cap03,import,2016,África do Sul,140771,113636
cap03,import,2016,Japão,44650,19000
cap03,import,2015,Chile,106157432,22005995
cap03,import,2015,China,29391339,10726789
cap03,import,2015,Argentina,21821703,6671689
cap03,import,2015,Vietnã,19582963,10785672
cap03,import,2015,Omã,6212428,9902080
cap03,import,2015,Peru,4822827,2247057
cap03,import,2015,Marrocos,3169889,3844408
cap03,import,2015,Noruega,2908125,422750
cap03,import,2015,Portugal,2338694,513373
cap03,import,2015,Equador,2337717,2015873
cap03,import,2015,Uruguai,1733761,736627
cap03,import,2015,Taiwan (Formosa),1620999,647440
cap03,import,2015,Nova Zelândia,1025543,128690
cap03,import,2015,Islândia,1015761,270328
cap03,import,2015,Estados Unidos,831514,641812
cap03,import,2015,Espanha,830682,409011
cap03,import,2015,África do Sul,274836,176702
cap03,import,2015,Singapura,168406,124987
cap03,import,2015,El Salvador,32491,49080
cap03,import,2014,Chile,107040516,17769117
cap03,import,2014,Vietnã,48264326,25033088
cap03,import,2014,China,34611964,11481628
cap03,import,2014,Argentina,29779248,9382497
cap03,import,2014,Marrocos,14050470,13156442
cap03,import,2014,Peru,6286136,2324441
cap03,import,2014,Noruega,4808114,687000
cap03,import,2014,Taiwan (Formosa),3992554,1780122
cap03,import,2014,Espanha,3227982,1041644
cap03,import,2014,Omã,3083052,4882320
cap03,import,2014,Uruguai,2940443,1049009
cap03,import,2014,Estados Unidos,2161047,1080024
cap03,import,2014,Portugal,2130004,379665
cap03,import,2014,Nova Zelândia,1757041,188210
cap03,import,2014,Islândia,966699,264785
cap03,import,2014,Equador,537349,149541
cap03,import,2014,Singapura,343723,92427
cap03,import,2014,Austrália,184298,169000
cap03,import,2014,África do Sul,137634,74640
cap03,import,2014,Panamá,103305,52251
cap03,import,2014,Japão,70210,23800
cap03,import,2014,Senegal,50400,16000
cap03,import,2014,Costa Rica,35478,25000
cap03,import,2014,Coreia do Sul,18900,6000
cap03,import,2013,Chile,128820681,21303338
cap03,import,2013,Vietnã,47356838,24617290
cap03,import,2013,China,39606804,18890310
cap03,import,2013,Argentina,20277314,6642461
cap03,import,2013,Marrocos,17972027,17168692
cap03,import,2013,Omã,7826995,12408970
cap03,import,2013,Uruguai,3603556,1496402
cap03,import,2013,Peru,3574902,1323534
cap03,import,2013,Taiwan (Formosa),2901511,1761011
cap03,import,2013,Noruega,1886934,300539
cap03,import,2013,Índia,1065428,1270000
cap03,import,2013,Singapura,920695,295412
cap03,import,2013,Estados Unidos,865173,1425000
cap03,import,2013,Equador,819000,234000
cap03,import,2013,El Salvador,726844,330788
cap03,import,2013,Islândia,712461,203388
cap03,import,2013,Espanha,688730,223812
cap03,import,2013,Portugal,473160,56479
cap03,import,2013,África do Sul,82354,68990
cap03,import,2013,Coreia do Sul,47600,17000
cap03,import,2013,Panamá,47021,25908
cap03,import,2013,Costa Rica,32323,25000
cap03,import,2012,Chile,84483359,18072908
cap03,import,2012,China,38970789,16174094
cap03,import,2012,Vietnã,36213467,16515500
cap03,import,2012,Argentina,19747899,5648990
cap03,import,2012,Marrocos,8179469,9515608
cap03,import,2012,Lituânia,7433115,8915886
cap03,import,2012,Noruega,6829039,980250
cap03,import,2012,Uruguai,5690877,2403748
cap03,import,2012,El Salvador,4005530,1201524
cap03,import,2012,Tailândia,3539479,1286138
cap03,import,2012,Peru,3234850,1488307
cap03,import,2012,Omã,2269650,3534000
cap03,import,2012,Espanha,2088897,1189503
cap03,import,2012,Taiwan (Formosa),1896781,1034742
cap03,import,2012,Islândia,1432580,333310
cap03,import,2012,Países Baixos (Holanda),1432282,1819416
cap03,import,2012,Estados Unidos,877145,1500000
cap03,import,2012,Portugal,620892,73936
cap03,import,2012,Singapura,613303,447579
cap03,import,2012,Alemanha,568048,681864
cap03,import,2012,Equador,413718,75000
cap03,import,2012,África do Sul,218495,263993
cap03,import,2012,Gâmbia,134280,63000
cap03,import,2012,Japão,128868,58912
cap03,import,2012,Trinidad e Tobago,92237,39998
cap03,import,2012,Senegal,52342,24010
cap03,import,2012,Namíbia,15360,8000
cap03,import,2011,Chile,63316585,11312816
cap03,import,2011,China,44342004,16761920
cap03,import,2011,Vietnã,30420741,13876500
cap03,import,2011,Argentina,27515141,8037577
cap03,import,2011,Uruguai,8531059,3006755
cap03,import,2011,Noruega,6370611,1027000
cap03,import,2011,Tailândia,5600078,2990988
cap03,import,2011,Marrocos,3599115,4346384
cap03,import,2011,Espanha,2231702,801722
cap03,import,2011,El Salvador,1896541,660620
cap03,import,2011,Peru,1660309,808936
cap03,import,2011,Alemanha,1476075,2085000
cap03,import,2011,Estados Unidos,1170931,1779032
cap03,import,2011,Países Baixos (Holanda),1079323,1524576
cap03,import,2011,Islândia,1002727,251520
cap03,import,2011,Panamá,830494,453060
cap03,import,2011,Taiwan (Formosa),660813,331364
cap03,import,2011,Lituânia,559574,790416
cap03,import,2011,Singapura,486479,219778
cap03,import,2011,Equador,454540,104000
cap03,import,2011,Namíbia,307638,107056
cap03,import,2011,Portugal,287568,51277
cap03,import,2011,África do Sul,196401,333920
cap03,import,2011,Coreia do Sul,194142,69786
cap03,import,2011,Gâmbia,173735,60094
cap03,import,2011,Trinidad e Tobago,123326,49980
cap03,import,2011,Japão,119043,46998
cap03,import,2011,Indonésia,47849,16220
cap03,import,2011,Costa Rica,29540,25000
cap03,import,2010,Argentina,29405090,9802793
cap03,import,2010,Chile,26010070,4982009
cap03,import,2010,China,15717625,5625920
cap03,import,2010,Vietnã,14971718,8041315
cap03,import,2010,Marrocos,14293881,17307740
cap03,import,2010,Uruguai,11129754,4318584
cap03,import,2010,Tailândia,5602405,2421774
cap03,import,2010,Noruega,2589880,373750
cap03,import,2010,Peru,1450767,618500
cap03,import,2010,El Salvador,1205047,670471
cap03,import,2010,Espanha,1170659,555383
cap03,import,2010,Equador,577014,200000
cap03,import,2010,Islândia,453599,126272
cap03,import,2010,Estados Unidos,317380,659460
cap03,import,2010,Taiwan (Formosa),237118,93500
cap03,import,2010,Panamá,177434,103510
cap03,import,2010,Gâmbia,129578,47992
cap03,import,2010,Namíbia,74077,31695
cap03,import,2010,Coreia do Sul,63600,24000
cap03,import,2010,Japão,41313,15301
cap03,import,2010,África do Sul,40920,18600
1604-1605,export,2026,Argentina,6183226,1483616
1604-1605,export,2026,Uruguai,2537423,527615
1604-1605,export,2026,Paraguai,969334,235860
1604-1605,export,2026,Curaçao,135617,21845
1604-1605,export,2026,Angola,93346,16968
1604-1605,export,2026,Estados Unidos,66867,15867
1604-1605,export,2026,Panamá,5474,679
1604-1605,export,2026,"Marshall, Ilhas",3572,464
1604-1605,export,2026,Libéria,3332,398
1604-1605,export,2026,Hong Kong,2036,224
1604-1605,export,2026,Singapura,1688,238
1604-1605,export,2026,Bahamas,1392,277
1604-1605,export,2026,Grécia,1013,168
1604-1605,export,2026,Malta,1010,193
1604-1605,export,2026,Portugal,828,87
1604-1605,export,2026,Dinamarca,352,37
1604-1605,export,2026,Turquia,334,70
1604-1605,export,2026,Noruega,277,40
1604-1605,export,2026,Antígua e Barbuda,218,26
1604-1605,export,2026,Reino Unido,207,23
1604-1605,export,2026,Barbados,200,23
1604-1605,export,2026,San Marino,118,10
1604-1605,export,2026,Guiné-Bissau,65,13
1604-1605,export,2026,Países Baixos (Holanda),61,8
1604-1605,export,2026,Serra Leoa,61,7
1604-1605,export,2026,Japão,45,5
1604-1605,export,2026,Chipre,34,4
1604-1605,export,2026,Bangladesh,34,4
1604-1605,export,2026,Palau,19,2
1604-1605,export,2026,"Cayman, Ilhas",12,5
1604-1605,export,2026,Comores,9,4
1604-1605,export,2025,Argentina,11875195,2926111
1604-1605,export,2025,Uruguai,1721421,367702
1604-1605,export,2025,Paraguai,1152538,290572
1604-1605,export,2025,Curaçao,270710,43703
1604-1605,export,2025,Angola,81790,15640
1604-1605,export,2025,Suriname,60146,15750
1604-1605,export,2025,Cuba,43001,11279
1604-1605,export,2025,Libéria,15710,2167
1604-1605,export,2025,Panamá,7496,1081
1604-1605,export,2025,"Marshall, Ilhas",6464,911
1604-1605,export,2025,Bahamas,3533,604
1604-1605,export,2025,Hong Kong,2919,465
1604-1605,export,2025,Malta,2679,299
1604-1605,export,2025,Singapura,2073,274
1604-1605,export,2025,Estados Unidos,1978,185
1604-1605,export,2025,Noruega,1637,233
1604-1605,export,2025,Chipre,1222,115
1604-1605,export,2025,China,773,108
1604-1605,export,2025,Turquia,577,158
1604-1605,export,2025,Grécia,508,74
1604-1605,export,2025,Barbados,491,77
1604-1605,export,2025,Tanzânia,477,72
1604-1605,export,2025,Vietnã,471,150
1604-1605,export,2025,Portugal,453,60
1604-1605,export,2025,Reino Unido,381,44
1604-1605,export,2025,Filipinas,350,35
1604-1605,export,2025,San Marino,201,19
1604-1605,export,2025,São Cristóvão e Névis,180,61
1604-1605,export,2025,"Cayman, Ilhas",125,21
1604-1605,export,2025,Ilha de Man,125,15
1604-1605,export,2025,Países Baixos (Holanda),80,27
1604-1605,export,2025,Antígua e Barbuda,53,19
1604-1605,export,2025,Alemanha,47,96
1604-1605,export,2025,Dinamarca,16,1
1604-1605,export,2025,Comores,3,3
1604-1605,export,2024,Argentina,7834005,1752996
1604-1605,export,2024,Uruguai,1853158,392713
1604-1605,export,2024,Paraguai,1442683,350820
1604-1605,export,2024,Curaçao,366678,63104
1604-1605,export,2024,Equador,230019,102203
1604-1605,export,2024,Angola,165586,33738
1604-1605,export,2024,Bolívia,77169,16551
1604-1605,export,2024,Suriname,53673,15463
1604-1605,export,2024,Libéria,10324,1409
1604-1605,export,2024,"Marshall, Ilhas",9121,1187
1604-1605,export,2024,Panamá,5747,743
1604-1605,export,2024,China,5452,785
1604-1605,export,2024,Bahamas,2006,240
1604-1605,export,2024,Hong Kong,1115,180
1604-1605,export,2024,Singapura,1089,139
1604-1605,export,2024,Alemanha,1007,143
1604-1605,export,2024,Reino Unido,980,206
1604-1605,export,2024,Chipre,705,85
1604-1605,export,2024,Noruega,557,96
1604-1605,export,2024,Barbados,450,43
1604-1605,export,2024,Grécia,427,74
1604-1605,export,2024,Antígua e Barbuda,344,38
1604-1605,export,2024,Malta,282,47
1604-1605,export,2024,Polônia,255,36
1604-1605,export,2024,Suíça,209,20
1604-1605,export,2024,Catar,117,19
1604-1605,export,2024,Gibraltar,84,13
1604-1605,export,2024,Portugal,72,5
1604-1605,export,2024,Ilha de Man,70,19
1604-1605,export,2024,"Cayman, Ilhas",67,7
1604-1605,export,2024,Dinamarca,60,6
1604-1605,export,2024,Turquia,47,5
1604-1605,export,2024,Bulgária,26,3
1604-1605,export,2024,Filipinas,16,12
1604-1605,export,2024,Coreia do Sul,13,3
1604-1605,export,2023,Argentina,11533714,2706188
1604-1605,export,2023,Uruguai,3015396,667364
1604-1605,export,2023,Paraguai,725045,180606
1604-1605,export,2023,Angola,240638,47944
1604-1605,export,2023,Curaçao,182187,34502
1604-1605,export,2023,Suriname,77587,17038
1604-1605,export,2023,Bolívia,74910,16473
1604-1605,export,2023,Estados Unidos,30607,1086
1604-1605,export,2023,Libéria,14434,2637
1604-1605,export,2023,Japão,8193,1718
1604-1605,export,2023,Panamá,6445,691
1604-1605,export,2023,"Marshall, Ilhas",5875,897
1604-1605,export,2023,Singapura,2420,290
1604-1605,export,2023,Bahamas,2277,379
1604-1605,export,2023,Malta,1306,141
1604-1605,export,2023,Chipre,1199,112
1604-1605,export,2023,China,1103,247
1604-1605,export,2023,Noruega,1038,131
1604-1605,export,2023,Hong Kong,740,96
1604-1605,export,2023,Alemanha,729,130
1604-1605,export,2023,Grécia,693,159
1604-1605,export,2023,Dinamarca,594,69
1604-1605,export,2023,Canadá,463,87
1604-1605,export,2023,Antígua e Barbuda,376,50
1604-1605,export,2023,Suíça,293,39
1604-1605,export,2023,Belize,271,26
1604-1605,export,2023,Países Baixos (Holanda),219,27
1604-1605,export,2023,"Cayman, Ilhas",188,23
1604-1605,export,2023,Reino Unido,160,30
1604-1605,export,2023,Barbados,117,13
1604-1605,export,2023,Portugal,115,17
1604-1605,export,2023,Emirados Árabes Unidos,64,27
1604-1605,export,2023,Malásia,59,10
1604-1605,export,2023,Polônia,44,20
1604-1605,export,2023,Filipinas,22,24
1604-1605,export,2023,Tailândia,20,24
1604-1605,export,2022,Argentina,8417277,2078508
1604-1605,export,2022,Uruguai,1886530,443418
1604-1605,export,2022,Paraguai,1263131,351048
1604-1605,export,2022,Curaçao,247826,53316
1604-1605,export,2022,Angola,150142,31399
1604-1605,export,2022,Suriname,79570,17692
1604-1605,export,2022,Libéria,12233,1827
1604-1605,export,2022,"Marshall, Ilhas",6922,926
1604-1605,export,2022,Panamá,4364,696
1604-1605,export,2022,Singapura,1476,260
1604-1605,export,2022,Hong Kong,951,106
1604-1605,export,2022,Bahamas,914,141
1604-1605,export,2022,Malta,710,81
1604-1605,export,2022,Noruega,519,85
1604-1605,export,2022,Reino Unido,471,55
1604-1605,export,2022,Japão,425,47
1604-1605,export,2022,Países Baixos (Holanda),298,39
1604-1605,export,2022,Filipinas,268,19
1604-1605,export,2022,Grécia,254,42
1604-1605,export,2022,Antígua e Barbuda,243,32
1604-1605,export,2022,Chipre,222,22
1604-1605,export,2022,"Cayman, Ilhas",209,28
1604-1605,export,2022,Alemanha,207,31
1604-1605,export,2022,Irlanda,200,30
1604-1605,export,2022,Barbados,193,18
1604-1605,export,2022,São Vicente e Granadinas,176,29
1604-1605,export,2022,Tailândia,131,15
1604-1605,export,2022,"Cook, Ilhas",114,16
1604-1605,export,2022,Portugal,88,8
1604-1605,export,2022,Irã,62,5
1604-1605,export,2022,Dinamarca,56,9
1604-1605,export,2022,Suíça,56,6
1604-1605,export,2022,Itália,54,6
1604-1605,export,2022,Arábia Saudita,53,6
1604-1605,export,2022,Ilha de Man,32,4
1604-1605,export,2022,Belize,29,2
1604-1605,export,2022,China,4,4
1604-1605,export,2021,Argentina,6033434,1563633
1604-1605,export,2021,Uruguai,1489380,373396
1604-1605,export,2021,Paraguai,1021451,301924
1604-1605,export,2021,Curaçao,325176,70090
1604-1605,export,2021,Tailândia,156620,94920
1604-1605,export,2021,Angola,155018,34382
1604-1605,export,2021,Suriname,59704,17164
1604-1605,export,2021,Japão,9914,2572
1604-1605,export,2021,Libéria,7530,1038
1604-1605,export,2021,Panamá,4977,760
1604-1605,export,2021,"Marshall, Ilhas",3058,464
1604-1605,export,2021,Hong Kong,1800,253
1604-1605,export,2021,Noruega,1264,181
1604-1605,export,2021,Bahamas,1087,178
1604-1605,export,2021,Singapura,851,140
1604-1605,export,2021,Malta,770,118
1604-1605,export,2021,Polônia,752,65
1604-1605,export,2021,Alemanha,700,115
1604-1605,export,2021,Reino Unido,160,28
1604-1605,export,2021,Grécia,150,27
1604-1605,export,2021,Filipinas,143,20
1604-1605,export,2021,Países Baixos (Holanda),137,19
1604-1605,export,2021,Gibraltar,134,24
1604-1605,export,2021,Dinamarca,114,12
1604-1605,export,2021,Portugal,89,15
1604-1605,export,2021,Antígua e Barbuda,75,8
1604-1605,export,2021,Chipre,74,11
1604-1605,export,2021,Irã,59,12
1604-1605,export,2021,Croácia,21,3
1604-1605,export,2021,China,13,2
1604-1605,export,2020,Argentina,4043073,1269769
1604-1605,export,2020,Uruguai,1551865,389945
1604-1605,export,2020,Paraguai,1138216,357916
1604-1605,export,2020,Curaçao,337346,69097
1604-1605,export,2020,Bolívia,163986,39546
1604-1605,export,2020,Angola,69610,16837
1604-1605,export,2020,Suriname,58086,16677
1604-1605,export,2020,Japão,10353,3459
1604-1605,export,2020,Libéria,5241,1009
1604-1605,export,2020,Panamá,3014,566
1604-1605,export,2020,"Marshall, Ilhas",2376,750
1604-1605,export,2020,Singapura,1838,337
1604-1605,export,2020,Bahamas,1003,223
1604-1605,export,2020,Alemanha,904,199
1604-1605,export,2020,Hong Kong,878,136
1604-1605,export,2020,Malta,589,87
1604-1605,export,2020,Países Baixos (Holanda),509,36
1604-1605,export,2020,Chipre,410,247
1604-1605,export,2020,Noruega,321,61
1604-1605,export,2020,Grécia,303,149
1604-1605,export,2020,"Cayman, Ilhas",234,28
1604-1605,export,2020,Irã,192,25
1604-1605,export,2020,Filipinas,143,24
1604-1605,export,2020,Croácia,89,10
1604-1605,export,2020,Coreia do Sul,67,5
1604-1605,export,2020,Dinamarca,42,6
1604-1605,export,2020,Portugal,20,3
1604-1605,export,2020,Reino Unido,15,2
1604-1605,export,2019,Argentina,3982727,1164306
1604-1605,export,2019,Uruguai,1283009,278328
1604-1605,export,2019,Paraguai,1164352,330811
1604-1605,export,2019,Curaçao,169075,34783
1604-1605,export,2019,Bolívia,123535,26681
1604-1605,export,2019,China,105315,24486
1604-1605,export,2019,Angola,80092,16524
1604-1605,export,2019,Suriname,55449,15896
1604-1605,export,2019,Libéria,3474,1172
1604-1605,export,2019,Panamá,1520,754
1604-1605,export,2019,"Marshall, Ilhas",973,382
1604-1605,export,2019,Bahamas,765,356
1604-1605,export,2019,Irã,556,341
1604-1605,export,2019,Noruega,526,281
1604-1605,export,2019,Singapura,486,104
1604-1605,export,2019,Hong Kong,463,157
1604-1605,export,2019,Alemanha,249,56
1604-1605,export,2019,Chipre,186,118
1604-1605,export,2019,Grécia,175,44
1604-1605,export,2019,Filipinas,168,25
1604-1605,export,2019,Malta,156,27
1604-1605,export,2019,Países Baixos (Holanda),147,21
1604-1605,export,2019,Dinamarca,135,122
1604-1605,export,2019,Japão,103,7
1604-1605,export,2019,Portugal,86,64
1604-1605,export,2019,Reino Unido,62,10
1604-1605,export,2019,Turquia,53,8
1604-1605,export,2019,"Cayman, Ilhas",33,44
1604-1605,export,2019,Barbados,29,24
1604-1605,export,2019,Antígua e Barbuda,16,3
1604-1605,export,2018,Argentina,3790625,1189123
1604-1605,export,2018,Uruguai,1490974,301093
1604-1605,export,2018,Paraguai,1323479,365316
1604-1605,export,2018,Curaçao,369418,83637
1604-1605,export,2018,Angola,239915,52649
1604-1605,export,2018,Guiné Equatorial,178889,32938
1604-1605,export,2018,Suriname,103941,29790
1604-1605,export,2018,Bolívia,97037,20817
1604-1605,export,2018,Japão,15080,3403
1604-1605,export,2018,Venezuela,7452,1688
1604-1605,export,2018,Estados Unidos,4579,675
1604-1605,export,2018,Libéria,1771,529
1604-1605,export,2018,Panamá,660,212
1604-1605,export,2018,Singapura,462,249
1604-1605,export,2018,Provisão de Navios e Aeronaves,428,52
1604-1605,export,2018,Noruega,393,286
1604-1605,export,2018,Bahamas,327,219
1604-1605,export,2018,Malta,257,91
1604-1605,export,2018,"Marshall, Ilhas",244,222
1604-1605,export,2018,Hong Kong,173,101
1604-1605,export,2018,Alemanha,50,30
1604-1605,export,2018,São Vicente e Granadinas,21,7
1604-1605,export,2018,Tailândia,14,12
1604-1605,export,2017,Argentina,8875866,2188695
1604-1605,export,2017,Paraguai,979981,272406
1604-1605,export,2017,Uruguai,911150,196928
1604-1605,export,2017,Guiné Equatorial,169257,32644
1604-1605,export,2017,Curaçao,156500,33740
1604-1605,export,2017,Bolívia,87182,18156
1604-1605,export,2017,Angola,84630,16745
1604-1605,export,2017,Estados Unidos,13487,894
1604-1605,export,2017,Reino Unido,1173,15
1604-1605,export,2016,Argentina,7296870,2086853
1604-1605,export,2016,Paraguai,927795,274837
1604-1605,export,2016,Uruguai,842543,184138
1604-1605,export,2016,Angola,411855,107756
1604-1605,export,2016,Curaçao,236976,50298
1604-1605,export,2016,Guiné Equatorial,168031,32107
1604-1605,export,2016,Bolívia,129195,28283
1604-1605,export,2016,Antilhas Holandesas,82015,16738
1604-1605,export,2016,Suriname,48174,13388
1604-1605,export,2016,Estados Unidos,1034,10
1604-1605,export,2015,Argentina,8539836,2633327
1604-1605,export,2015,Uruguai,1355009,265623
1604-1605,export,2015,Paraguai,1212278,324377
1604-1605,export,2015,Bolívia,271460,58217
1604-1605,export,2015,Antilhas Holandesas,231015,48481
1604-1605,export,2015,Guiné Equatorial,172645,33102
1604-1605,export,2015,Angola,154232,34649
1604-1605,export,2015,Emirados Árabes Unidos,61372,12583
1604-1605,export,2015,Montenegro,52591,16688
1604-1605,export,2015,Suriname,41325,11086
1604-1605,export,2014,Argentina,8941274,2260670
1604-1605,export,2014,Uruguai,1685705,344708
1604-1605,export,2014,Paraguai,1458589,369674
1604-1605,export,2014,Angola,507232,110353
1604-1605,export,2014,Antilhas Holandesas,228208,48744
1604-1605,export,2014,Sérvia,191260,49013
1604-1605,export,2014,Bolívia,184929,35916
1604-1605,export,2014,Guiné Equatorial,169625,32626
1604-1605,export,2014,Líbia,164962,33468
1604-1605,export,2014,Israel,88282,16577
1604-1605,export,2014,Emirados Árabes Unidos,59620,12260
1604-1605,export,2014,Bósnia-Herzegovina,59265,18000
1604-1605,export,2014,Montenegro,59198,16983
1604-1605,export,2014,Moçambique,57141,11749
1604-1605,export,2014,Suriname,50299,13763
1604-1605,export,2013,Argentina,8870093,2256859
1604-1605,export,2013,Uruguai,1729624,380782
1604-1605,export,2013,Paraguai,1586019,407454
1604-1605,export,2013,Angola,680636,164693
1604-1605,export,2013,Bolívia,335060,73038
1604-1605,export,2013,Chile,259183,67754
1604-1605,export,2013,Antilhas Holandesas,178511,40837
1604-1605,export,2013,Sérvia,173400,48960
1604-1605,export,2013,Líbia,160880,32640
1604-1605,export,2013,Guiné Equatorial,147520,31673
1604-1605,export,2013,Croácia,127862,34281
1604-1605,export,2013,Emirados Árabes Unidos,97392,26454
1604-1605,export,2013,Benin,77710,18000
1604-1605,export,2013,Albânia,61525,18497
1604-1605,export,2013,Suriname,57150,16106
1604-1605,export,2012,Argentina,9290939,2497368
1604-1605,export,2012,Paraguai,1545759,414213
1604-1605,export,2012,Uruguai,1506085,388689
1604-1605,export,2012,Angola,1431903,347401
1604-1605,export,2012,Líbia,798320,183709
1604-1605,export,2012,Chile,261171,85476
1604-1605,export,2012,Guiné Equatorial,260925,68613
1604-1605,export,2012,Bolívia,249846,58139
1604-1605,export,2012,Albânia,192929,52458
1604-1605,export,2012,Antilhas Holandesas,188508,45483
1604-1605,export,2012,Síria,138586,36000
1604-1605,export,2012,Iraque,129623,36000
1604-1605,export,2012,Catar,125239,31785
1604-1605,export,2012,Sérvia,104214,32640
1604-1605,export,2012,Suriname,80223,23778
1604-1605,export,2012,Croácia,73905,16293
1604-1605,export,2012,Montenegro,68610,16327
1604-1605,export,2012,Cuba,68222,16524
1604-1605,export,2012,Butão,68166,16524
1604-1605,export,2012,Gabão,66088,17583
1604-1605,export,2012,Etiópia,64798,14456
1604-1605,export,2012,Gâmbia,62651,18000
1604-1605,export,2012,Nigéria,60900,17500
1604-1605,export,2012,Moçambique,60849,13765
1604-1605,export,2012,Emirados Árabes Unidos,50437,12700
1604-1605,export,2012,Barein,45831,12308
1604-1605,export,2011,Argentina,8281107,2246645
1604-1605,export,2011,Angola,1652259,430847
1604-1605,export,2011,Paraguai,1041084,268313
1604-1605,export,2011,Uruguai,850894,210909
1604-1605,export,2011,Guiné Equatorial,479695,139548
1604-1605,export,2011,Cuba,402124,99144
1604-1605,export,2011,Chile,355692,97324
1604-1605,export,2011,Síria,197510,54000
1604-1605,export,2011,Bolívia,185007,43643
1604-1605,export,2011,Jordânia,125294,36000
1604-1605,export,2011,Antilhas Holandesas,106398,24914
1604-1605,export,2011,Emirados Árabes Unidos,88730,24307
1604-1605,export,2011,Costa do Marfim,71206,17144
1604-1605,export,2011,Gana,65748,17471
1604-1605,export,2011,Catar,60270,13137
1604-1605,export,2011,Moçambique,57158,16548
1604-1605,export,2011,Suriname,33518,11758
1604-1605,export,2010,Argentina,6160235,1942194
1604-1605,export,2010,Angola,923322,265148
1604-1605,export,2010,Chile,898184,230906
1604-1605,export,2010,Paraguai,848314,227936
1604-1605,export,2010,Uruguai,773875,193920
1604-1605,export,2010,Líbia,744045,219184
1604-1605,export,2010,Cuba,199463,49572
1604-1605,export,2010,Costa Rica,164025,49572
1604-1605,export,2010,Guiné Equatorial,156019,52541
1604-1605,export,2010,Bolívia,149439,36764
1604-1605,export,2010,Síria,136106,33636
1604-1605,export,2010,Jordânia,119981,33604
1604-1605,export,2010,Iraque,98010,33048
1604-1605,export,2010,Antilhas Holandesas,94222,21600
1604-1605,export,2010,Turquia,62109,15786
1604-1605,export,2010,Sudão,59970,17470
1604-1605,export,2010,Suriname,55734,15737
1604-1605,import,2026,China,15336317,4456572
1604-1605,import,2026,Equador,6660235,2369869
1604-1605,import,2026,Tailândia,3846652,1240056
1604-1605,import,2026,Chile,725403,184566
1604-1605,import,2026,El Salvador,664834,331405
1604-1605,import,2026,Portugal,638185,100529
1604-1605,import,2026,Uruguai,347769,70578
1604-1605,import,2026,Argentina,217663,19886
1604-1605,import,2026,Islândia,100258,8100
1604-1605,import,2026,Itália,84075,2438
1604-1605,import,2026,Espanha,52265,20752
1604-1605,import,2026,Peru,49848,18302
1604-1605,import,2025,China,11826583,3639774
1604-1605,import,2025,Equador,8408846,3190286
1604-1605,import,2025,El Salvador,2318526,999427
1604-1605,import,2025,Tailândia,1906043,693304
1604-1605,import,2025,Portugal,925254,153098
1604-1605,import,2025,Chile,669237,226219
1604-1605,import,2025,Peru,149730,54906
1604-1605,import,2025,Taiwan (Formosa),110480,3000
1604-1605,import,2025,Vietnã,60982,20710
1604-1605,import,2025,Argentina,47562,14017
1604-1605,import,2025,Itália,24436,686
1604-1605,import,2024,China,14277611,4646330
1604-1605,import,2024,Equador,6357647,2148692
1604-1605,import,2024,Tailândia,3848003,1670086
1604-1605,import,2024,Portugal,1277337,218044
1604-1605,import,2024,Peru,1063551,330575
1604-1605,import,2024,El Salvador,1014143,378922
1604-1605,import,2024,Chile,1009070,394497
1604-1605,import,2024,Uruguai,105818,34650
1604-1605,import,2024,Espanha,101257,45120
1604-1605,import,2024,Taiwan (Formosa),73906,2000
1604-1605,import,2024,Marrocos,47129,10950
1604-1605,import,2024,Itália,45300,1497
1604-1605,import,2024,Argentina,29245,5415
1604-1605,import,2023,Tailândia,6656765,3003766
1604-1605,import,2023,Equador,3282503,1254513
1604-1605,import,2023,China,2740969,1052900
1604-1605,import,2023,El Salvador,1391797,656372
1604-1605,import,2023,Chile,1096822,391835
1604-1605,import,2023,Portugal,1003076,189327
1604-1605,import,2023,Peru,372042,154514
1604-1605,import,2023,Colômbia,184982,99990
1604-1605,import,2023,Espanha,116594,41920
1604-1605,import,2023,Uruguai,102920,32005
1604-1605,import,2023,Islândia,55143,3000
1604-1605,import,2023,Argentina,40484,6380
1604-1605,import,2023,Itália,37152,1307
1604-1605,import,2023,Países Baixos (Holanda),9620,2410
1604-1605,import,2022,Equador,7944476,2997246
1604-1605,import,2022,Tailândia,4123384,1545240
1604-1605,import,2022,China,2145444,754000
1604-1605,import,2022,El Salvador,2108270,1213745
1604-1605,import,2022,Portugal,1079837,248397
1604-1605,import,2022,Peru,1005787,308075
1604-1605,import,2022,Chile,283032,103894
1604-1605,import,2022,Argentina,193188,19311
1604-1605,import,2022,Itália,165352,7835
1604-1605,import,2022,Espanha,78992,33173
1604-1605,import,2022,Uruguai,63400,20000
1604-1605,import,2022,Colômbia,44996,24998
1604-1605,import,2021,Tailândia,4973313,2847710
1604-1605,import,2021,Equador,4634355,2278522
1604-1605,import,2021,China,3557492,1386400
1604-1605,import,2021,El Salvador,1206189,724023
1604-1605,import,2021,Portugal,1204561,259792
1604-1605,import,2021,Peru,965828,390941
1604-1605,import,2021,Chile,443000,159882
1604-1605,import,2021,Uruguai,181960,64000
1604-1605,import,2021,Argentina,101680,38960
1604-1605,import,2021,Itália,31216,1087
1604-1605,import,2021,Espanha,26711,12000
1604-1605,import,2020,Tailândia,7041088,2847498
1604-1605,import,2020,Equador,6512391,2576510
1604-1605,import,2020,El Salvador,2034332,929490
1604-1605,import,2020,China,1121348,562500
1604-1605,import,2020,Portugal,1057379,238856
1604-1605,import,2020,Chile,741852,265765
1604-1605,import,2020,Peru,655309,196729
1604-1605,import,2020,Argentina,188023,69041
1604-1605,import,2020,Itália,139810,5246
1604-1605,import,2020,Uruguai,91960,34000
1604-1605,import,2020,Espanha,88219,6432
1604-1605,import,2019,Tailândia,12366804,4626710
1604-1605,import,2019,Equador,5493562,1405501
1604-1605,import,2019,El Salvador,3116858,1146709
1604-1605,import,2019,China,1036211,506000
1604-1605,import,2019,Portugal,916403,212641
1604-1605,import,2019,Chile,774260,305000
1604-1605,import,2019,Peru,259340,57958
1604-1605,import,2019,Espanha,124406,9853
1604-1605,import,2019,Uruguai,104700,36200
1604-1605,import,2019,Argentina,94595,33008
1604-1605,import,2018,Tailândia,20499971,6459263
1604-1605,import,2018,Equador,15053722,3131233
1604-1605,import,2018,China,2261501,823320
1604-1605,import,2018,El Salvador,1299915,475180
1604-1605,import,2018,Portugal,1228306,285566
1604-1605,import,2018,Chile,1069595,450500
1604-1605,import,2018,Uruguai,343305,119410
1604-1605,import,2018,Argentina,333973,51448
1604-1605,import,2018,Peru,129608,28856
1604-1605,import,2017,Equador,15572436,4325075
1604-1605,import,2017,Tailândia,13054289,5471361
1604-1605,import,2017,China,2100301,704760
1604-1605,import,2017,El Salvador,1519413,697522
1604-1605,import,2017,Chile,859410,329960
1604-1605,import,2017,Portugal,561227,138132
1604-1605,import,2017,Peru,413578,112746
1604-1605,import,2017,Uruguai,382737,135960
1604-1605,import,2017,Argentina,166500,36884
1604-1605,import,2017,Espanha,49309,3609
1604-1605,import,2016,Equador,19690505,5612226
1604-1605,import,2016,Tailândia,12715742,5560687
1604-1605,import,2016,China,3580087,1316700
1604-1605,import,2016,Chile,1222851,459585
1604-1605,import,2016,El Salvador,1066993,599612
1604-1605,import,2016,Peru,885777,195810
1604-1605,import,2016,Uruguai,656934,235920
1604-1605,import,2016,Portugal,502714,123517
1604-1605,import,2016,Itália,42179,2514
1604-1605,import,2016,Argentina,35700,12000
1604-1605,import,2015,Tailândia,20044415,7672254
1604-1605,import,2015,Equador,19445567,6048297
1604-1605,import,2015,Peru,2560067,703612
1604-1605,import,2015,Chile,2176116,688781
1604-1605,import,2015,China,1221663,547500
1604-1605,import,2015,El Salvador,983531,432125
1604-1605,import,2015,Uruguai,486698,165580
1604-1605,import,2015,Portugal,476640,113254
1604-1605,import,2015,Espanha,132149,25820
1604-1605,import,2015,Argentina,130160,36800
1604-1605,import,2014,Equador,31830411,7759221
1604-1605,import,2014,Tailândia,21921287,7659535
1604-1605,import,2014,Peru,4988600,1350157
1604-1605,import,2014,El Salvador,4039860,1384256
1604-1605,import,2014,Chile,2233954,709305
1604-1605,import,2014,China,1127403,482500
1604-1605,import,2014,Uruguai,1000681,346089
1604-1605,import,2014,Portugal,528352,99836
1604-1605,import,2014,Argentina,494544,124624
1604-1605,import,2014,Brasil,32023,6716
1604-1605,import,2014,Espanha,14181,2430
1604-1605,import,2013,Tailândia,33174723,12849937
1604-1605,import,2013,Equador,24506943,5632717
1604-1605,import,2013,Peru,10693633,2848079
1604-1605,import,2013,El Salvador,4814669,1433065
1604-1605,import,2013,Chile,2452944,812335
1604-1605,import,2013,China,1722149,758000
1604-1605,import,2013,Uruguai,913260,300784
1604-1605,import,2013,Argentina,472005,139600
1604-1605,import,2013,Portugal,437880,84733
1604-1605,import,2013,Alemanha,213803,17059
1604-1605,import,2013,Espanha,148813,16554
1604-1605,import,2012,Tailândia,26731162,10317240
1604-1605,import,2012,Equador,11386338,3093001
1604-1605,import,2012,Peru,2366077,631353
1604-1605,import,2012,China,1885077,833000
1604-1605,import,2012,Uruguai,1588746,506486
1604-1605,import,2012,Chile,1289356,474754
1604-1605,import,2012,Argentina,912264,261151
1604-1605,import,2012,Alemanha,422566,27255
1604-1605,import,2012,Portugal,363373,69272
1604-1605,import,2012,Espanha,152483,15608
1604-1605,import,2011,Tailândia,11322413,4133159
1604-1605,import,2011,Equador,6183691,2094757
1604-1605,import,2011,Uruguai,2760404,1048889
1604-1605,import,2011,China,1541432,694000
1604-1605,import,2011,Chile,1154983,411948
1604-1605,import,2011,Peru,1103222,433194
1604-1605,import,2011,Argentina,1044439,299920
1604-1605,import,2011,Portugal,428980,77602
1604-1605,import,2011,Alemanha,184704,14791
1604-1605,import,2011,Espanha,159354,18423
1604-1605,import,2010,Tailândia,10130969,3827727
1604-1605,import,2010,Uruguai,2405997,949821
1604-1605,import,2010,Equador,1676837,620789
1604-1605,import,2010,Argentina,1099389,458182
1604-1605,import,2010,Chile,404350,174000
1604-1605,import,2010,Peru,124062,53077
1604-1605,import,2010,Espanha,113932,12723
1604-1605,import,2010,China,99687,44000
1604-1605,import,2010,Alemanha,30279,5137
